GRB,T90,T90rc,Class,Feature,Instrument,HR23,HR14,HR24,HR34,z,Morphology,HostType,Offset,e_Offset,E_Offset,SFR,e_SFR,E_SFR,m_SFR,sSFR,e_sSFR,E_sSFR,Metal,e_Metal,E_Metal,m_Metal,Mass,e_Mass,E_Mass,Reference
000131,96.3,31.673464017892385,L,,Uly/Ko/NE,,,,,2.0404,Interacting,L,,,,17.9,,,UV,,,,,0.015,,,,,,"Wainwright 2005, Andersen 2000"
000210,9.0,4.875406283856988,L,,BeppoSAX,,,,,0.846,,L,,,,2.28,,,[OII],1.1200000000000003e-09,,,0.3235936569296282,0.0665540786527418,0.0837866208744844,E/KK04,1995262314.9688828,343494292.2077856,412970971.0155022,Leibler 2010
000301C,87.0,28.61465596632022,L,,BeppoSAX,,,,,2.0404,Irregular,L,0.622,,0.063,,,,,,,,,,,,,,,"Bloom 2002, Li 2016, Wainwright 2005"
000418,2.288,1.0802644003777149,L,,BATSE,,,,,1.118,Elliptical,L,0.202,,0.564,10.35,,,[OII],5.690000000000001e-09,,,0.5128613839913648,,,E/KK04,1995262314.9688828,501444120.05357766,692185572.8995996,"Bloom 2002, Conselice 2005, Leibler 2010"
000911,500.0,242.9543245869777,L,SN,Uly/Ko/NE,,,,,1.058,,L,,,,1.57,,,[OII],7.5e-10,,,0.2570395782768864,0.1924741553734208,0.7662534140038677,E/KK04,794328234.7242821,941142509.3571568,1712597832.3515718,"Leibler 2010, SNTABLE"
000926,25.0,8.229368971987228,L,,WFPC2,,,,,2.0379,Spiral,L,7.2,,,4.46,0.28,0.28,Lya,1.35e-09,,,0.5011872336272722,,,A/Zn,3311311214.8259077,2832681122.5032697,19597365312.85179,"Conselice 2005, Wainwright 2005"
010222,74.0,29.838709677419356,L,,WFPC2,,,,,1.48,Interacting,L,5.6,,,0.34,,,UV,5.1e-10,,,,,,,398107170.5534969,297615393.2374947,541570986.6098166,"Conselice 2005, Leibler 2010"
010921,34.8,23.983459682977255,L,,HETE2,,,,,0.451,Spiral,L,5.3,,,0.7,,0.32,O[II],5.1e-10,,,0.354813389233576,0.0729750961071299,0.0918702029173874,log(O/H),3630780547.7010174,812397616.4365568,836055373.8086176,"Conselice 2005, Levesque 2010, Mannucci 2011, Wainwright 2005"
011030,1400.0,350.0,L,,STIS,,,,,3.0,Spiral,L,,,,,,,,,,,,,,,,,,"Conselice 2005, Wainwright 2005"
011121,47.0,34.50807635829662,L,SN,WFPC2,,,,,0.362,Spiral,L,16.0,,,3.3,,0.05,H alpha,3.5e-10,,,1.4791083881682072,0.3826301920250243,0.1804785192693558,log(O/H),3162277660.1683793,2091383967.9448967,3093383569.8678064,"Conselice 2005, Leibler 2010, Mannucci 2011, Wainwright 2005, SNTABLE"
011211,51.0,16.24203821656051,L,,WFPC2,,,,,2.14,Interacting,L,12.3,,,0.8,0.2,0.2,Lya,1.4000000000000003e-10,,,0.0602559586074357,,,A/Si,5888436553.555884,3893174238.5870094,11489571733.937878,"Conselice 2005, Wainwright 2005"
020124A,51.17,12.18913768461172,L,,HETE-2,,,,,3.198,,L,,,,0.06,,,UV,3.1488447614986394e-11,,,,0.004,,,1905460717.9632444,,,Li 2016
020127,6.99,2.410344827586207,L,,STIS,,,,,1.9,Irregular,L,,,,2.7,,,UV,1e-11,,,,,,,323593656929.6281,,,"Conselice 2005, Wainwright 2005"
020305,250.0,65.78947368421053,L,SN,HETE2,,,,,2.8,Interacting,L,,,,,,,,,,,,,,,,,,"Conselice 2005, Wainwright 2005, SNTABLE"
020321,70.0,,L,,BeppoSAX,,,,,,Interacting,,,,,,,,,,,,,,,,,,,"Wainwright 2005, in't Zand 2004"
020322,11.0,,L,,STIS,,,,,,Elliptical,L,,,,,,,,,,,,,,,,,,Conselice 2005
020331,179.4,,L,,STIS,,,,,,Elliptical,L,,,,,,,,,,,,,,,,,,"Conselice 2005, Wainwright 2005"
020405,40.0,23.65464222353637,L,SN,WFPC2,,,,,0.691,Interacting,L,26.0,,,14.1,,0.29,H beta,7.600000000000001e-10,,,0.6918309709189363,0.2553151386787697,0.2201798684369714,log(O/H),5623413251.903491,2461135591.7351117,4376586748.096509,"Conselice 2005, Levesque 2010, Mannucci 2011, SNTABLE"
020410,1500.0,,L,SN,STIS,,,,,,Elliptical,L,,,,,,,,,,,,,,,,,,"Conselice 2005, Wainwright 2005, SNTABLE"
020427,66.0,,L,,STIS,,,,,,Interacting,L,,,,,,,,,,,,,,,,,,"Conselice 2005, Wainwright 2005"
020813,90.0,39.91130820399113,L,,HETE2,,,,,1.255,Interacting,L,3.9,,,6.76,,,[OII],1.479e-08,,,,,,,2511886431.509582,439305395.5144859,11291887359.780428,"Conselice 2005, Leibler 2010, Wainwright 2005"
020819,20.0,14.184397163120568,L,,Hete,,,,,0.41,,,,,,23.6,,,O[II],5.283381887021276e-10,,,2.041737944669532,0.4199278473105987,0.528657838099333,log(O/H),44668359215.09635,15828044183.830236,24514737876.79728,"Levesque 2010, Hurley 2002"
020819B,20.0,14.184397163120568,L,,Ulysses,,,,,0.41,,L,,,,12.5,0.17,0.17,H alpha,4.0000000000000007e-10,,,1.9498445997580451,0.2902576923204847,0.341023053009728,E,31622776601.683792,8714100074.006092,12028806622.332865,Li 2016
020903,3.3,2.6378896882494005,L,SN,ACS,,,,,0.251,Interacting,L,4.2,,,1.7,,0.08,O[II],3.57e-09,,,0.2398832919019494,0.0493372201056242,0.0621118801382524,log(O/H),616595001.861481,261781612.6279064,338397584.15995204,"Conselice 2005, Levesque 2010, Mannucci 2011, Wainwright 2005, SNTABLE"
021004,57.7,17.363827866385797,L,,HETE2,,,,,2.323,Irregular,L,3.1,,,40.0,7.0,7.0,H alpha,2.52e-09,,,1.0,,,A,15848931924.611109,5377646444.102123,8139397265.583742,"Conselice 2005, Wainwright 2005"
021211,4.23,2.1086739780658026,L,SN,ACS,,,,,1.006,Spiral,L,3.7,,,1.4,,,[OII],7.000000000000002e-11,,,,,,,20892961308.54041,15995173114.855951,68232132504.834366,"Conselice 2005, Wainwright 2005, SNTABLE"
030115,20.33,6.776666666666666,L,,ACS,,,,,2.0,Elliptical,L,,,,1.6,,,UV,2e-11,,,,,,,74131024130.09161,,,"Conselice 2005, Wainwright 2005"
030226A,76.23,25.52913596784997,L,,HETE-2,,,,,1.986,,L,,,,,,,,,,,0.0524807460249772,,,A/Fe,,,,Li 2016
030323,26.0,5.946935041171089,L,,HETE2,,,,,3.372,Elliptical,L,4.0,,,1.12,0.09,0.09,Lya,6.595048939982591e-10,,,0.0478630092322638,,,A/S,1698243652.461746,,,"Conselice 2005, Wainwright 2005"
030328,100.0,39.68253968253968,L,,HETE2,,,,,1.52,,L,,,,3.2,,,UV,4.730000000000001e-09,,,,,,,1995262314.9688828,471909180.9250287,1562638163.176356,Leibler 2010
030329,25.0,21.4041095890411,L,SN,HETE2,,,,,0.168,Spiral,L,1.9,,,1.2,,,O[II],2e-09,,,0.2754228703338174,0.0566467079388613,0.0713139801187149,log(O/H),81283051.61640996,51770959.349746116,25868878.907350525,"Conselice 2005, Levesque 2010, Wainwright 2005, SNTABLE"
030429A,12.95,3.5401858939311097,L,,HETE-2,,,,,2.658,,L,,,,0.15,,,Lya,,,,0.0741310241300917,0.004,,A/Si,,,,Li 2016
030528,60.0,33.67003367003367,L,,HETE2,,,,,0.782,,L,,,,12.1,,0.19,O[II],1.508e-08,,,0.5128613839913658,0.1054811061872519,0.1327928450432904,log(O/H),1288249551.6931322,580303767.3089949,899512072.2564199,"Levesque 2010, Mannucci 2011"
031203,10.38,9.39366515837104,L,SN,HETE-2,,,,,0.105,,L,,,,4.8,,0.05,O[II],1.9190000000000002e-08,,,0.3801893963205612,0.0781942242803593,0.0984406960020767,log(O/H),181970085.86099824,117404662.95753276,330891298.1303655,"Levesque 2010, Mannucci 2011, SNTABLE"
040812,20.0,,L,,INTEGRAL,,,,,,,,2.283,,1.057,,,,,,,,,,,,,,,"Blanchard 2016, Gotz 2004"
040912A,9.21,3.593445181428015,L,,HETE-2,,,,,1.563,,L,,,,6.3,0.4,0.4,[OII],,,,,,,,,,,Li 2016
040924,3.37,1.812802582033351,L,SN,HETE-2,,,,,0.859,Irregular,L,2.197,,0.116,1.02,,0.58,H beta,5.400000000000001e-10,,,0.3467368504525324,0.1729567675775944,0.2028040234050924,log(O/H),1584893192.4611108,908810217.069129,2130459098.5106015,"Blanchard 2016, Mannucci 2011, Wainwright 2005, SNTABLE"
041006,22.08,12.897196261682245,L,SN,HETE-2,,,,,0.712,Irregular,L,2.536,,0.061,0.34,,,[OII],7.4e-10,,,,,,,457088189.6148752,395428689.428727,2931353371.7771454,"Blanchard 2016, Wainwright 2005, SNTABLE"
041219A,520.0,396.9465648854962,L,,Swift,,,,,0.31,,L,,,,,,,,,,,,0.26,,,5011872336.272715,,,Li 2016
050126A,48.0,20.960515628684465,L,,Swift,,,,,1.29002,,L,,,,,,,,,,,,,,,,,,Li 2016
050215B,10.62,2.9337016574585633,L,,Swift,0.8394021109343428,1.3874587080689578,1.1899263168446237,1.4175879490225611,2.62,,L,,,,,,,,,,,,,,,,,,Li 2016
050219A,23.84,19.68620974401321,L,,Swift,,,,,0.211,,L,,,,0.06,0.02,0.01,[OII],1e-11,,,,,,,9549925860.214369,,,Li 2016
050223,22.5,14.204545454545451,L,,Swift,1.1344886074364078,3.7120163792627183,2.451264221986872,2.16067768853666,0.584,,L,,,,4.2,,0.64,H beta,3.1e-10,,,1.2022644346174132,0.443686859588228,0.3112968138187939,log(O/H),5370317963.702533,3026089148.382605,6932369744.421279,Mannucci 2011
050315,95.6,32.40677966101695,L,,Swift,0.9426923284881362,2.0223210107565746,1.5688451893608288,1.6642176264199573,1.95,,L,0.953,,0.474,7.57,0.17,0.17,Literature,1.2855704449135414e-09,,,,,,,5888436553.555884,,,"Blanchard 2016, Perley 2016, Schneider 2022"
050318,32.0,13.095432967752496,L,,Swift,1.0806881049091808,3.163005189777197,2.1791652102643218,2.01646080896528,1.4436,,L,,,,,,,,,,,,,,,426579518.8015934,,,Perley 2016
050319,152.5,35.94578668238067,L,,Swift,1.0465496422984129,2.8464263489162804,2.0166006996646604,1.9269040073778432,3.2425,,L,,,,19.7,,,UV,3.27e-09,,,0.1698243652461744,,,A/S,4897788193.684457,4163508724.080703,13472850136.836843,Perley 2016
050401,33.3,8.538461538461538,L,,Swift,1.527917736537361,10.01705292968624,5.091667738522279,3.3324226931623,2.9,,L,0.638,,0.397,3.17,,,Literature,7.781427262721555e-10,,,0.0851138038202376,,,A/Zn,4073802778.041122,,,"Blanchard 2016, Perley 2016, Schneider 2022"
050408,28.39,12.674107142857142,L,,HETE-2,,,,,1.24,,L,1.263,,0.239,,,,Literature,,,,,,,,2344228815.3199177,995265932.7282672,1457665147.885695,"Blanchard 2016, Schneider 2022"
050416,6.62,4.005324298160697,L,,Swift,,,,,0.6528,,L,0.26,,0.09,2.0,1.2,0.43,H alpha,6.5e-10,,,0.8511380382023759,0.3141062418321226,0.2708804160995848,log(O/H),6918309709.189363,5659384297.395197,31100629922.866768,Mannucci 2011
050502A,17.5,3.6511579386605466,L,,Swift,,,,,3.793,,L,,,,6.5,,,UV,3.2577170185772652e-09,,,,,,,1995262314.9688828,,,Li 2016
050505A,58.88,11.162508531129143,L,,Swift,,,,,4.2748,,L,,,,3.5,,,Lya,,,,0.0630957344480193,,,A/S,,,,Li 2016
050509B,0.024,0.0195950359242325,S,,Swift,1.652189893233157,13.043677611901677,6.186285545534911,3.7442945092885296,0.2248,Elliptical,Q,55.19,12.2,12.43,2.6302679918953817,0.0,0.9178659004403732,SED,9.120108393559116e-12,0.0,5.334289313900165e-12,0.5128613839913648,0.0116741503640925,0.0119460762584078,SED,288403150312.66113,170913394818.7081,83132078784.51166,"Fong 2022, Jeong 2024, Kann 2011, Li 2016, Nugent 2022"
050509b,0.073,0.0595918367346938,S,,Swift,,,,,0.225,,,,,,,,,,,,,,,,,398107170553.49695,,,Leibler 2010
050525,8.84,5.503330635622238,L,SN,Swift,,,,,0.6063,,L,0.185,,0.046,0.07,0.05,0.21,H alpha,5.6e-10,,,,,,,125892541.1794166,94269764.57773282,375294692.4478549,"Blanchard 2016, Aimuratov2023"
050709,0.07,0.0603084345653485,S,LC KN,HETE-2,,,,,0.1607,Irregular,SF,3.76,0.005,0.056,16.218100973589298,14.480300144839925,104.008342488152,SED,7.943282347242822e-11,7.092144309040444e-11,8.118181146613196e-10,0.5623413251903491,0.0128004513327245,0.0130986121468078,SED,776247116.6286927,413169061.85859096,669192654.1172353,"Fong 2022, Jeong 2024, Kann 2011, Nugent 2022"
050714B,46.87,13.631736614024373,L,,Swift,0.7597663704401164,1.0064445467306091,0.9404374427259818,1.237798196018082,2.4383,,L,,,,12.9,5.3,14.0,H alpha,,,,,,,,,,,Li 2016
050724,1.0,0.7974481658692185,S-EE,LC KN,Swift,1.0466703980686622,2.8474762547329893,2.017111962290361,1.9271701636086949,0.254,Elliptical,SF,2.76,0.024,0.024,3.2359365692962827,2.3026822684992916,385.8092084249842,SED,3.311311214825908e-11,2.3780569140289192e-11,2.3955216078046593e-08,0.2344228815319922,0.020626672581769,0.0226166967448941,SED,100000000000.0,86510371174.08344,38038426460.288666,"Fong 2022, Li 2016, Barthelmy 2005"
050730,156.5,31.493369287424784,L,,Swift,1.403007511376981,7.522811965326372,4.122874121735828,2.938597326317544,3.9693,,L,,,,0.3,,,UV,1.0402105513575927e-10,,,0.0109647819614318,0.002453401579408,0.0031605934847956,A/S,2884031503.1266117,,,Perley 2016
050802,19.0,7.010552726736035,L,,Swift,1.4323521923615707,8.06306176399904,4.339102598922415,3.0293545275121057,1.7102,,L,,,,,,,,,,,,,,,1000000000.0,,,Perley 2016
050803,87.9,16.58490566037736,L,,Swift,1.5237368469354828,9.925442193102706,5.057197019411718,3.318943838355473,4.3,,,,,,,,,,,,,,,,,3388441561.3920207,,,Perley 2016
050813,0.38,0.2210587550901687,S,,Swift,1.7263149693695563,15.135258372206088,6.90366780576951,3.999077762901345,0.719,Elliptical,Q,43.57,,17.37,4.466835921509632,0.0,10228.463086886026,SED,1.3803842646028866e-11,0.0,1.1735171706749272e-08,1.288249551693134,0.2411210036422344,0.1571902190527934,SED,16218100973.58933,11206228637.316595,46877633474.43009,"Fong 2022, Jeong 2024, Kann 2011, Nugent 2022"
050814,150.9,23.952380952380953,L,,Swift,1.1919279762445725,4.370788597595108,2.7642663945039145,2.319155561071178,5.3,,L,,,,,,,,,,,,0.3,,,16595869074.375631,5560171155.357381,16035708774.826576,Perley 2016
050819A,37.72,10.764225786199418,L,,Swift,,,,,2.5042,,L,,,,22.0,15.0,426.0,H beta,,,,,,,,,,,Li 2016
050820,26.0,7.192871311232775,L,,Swift,,,,,2.61469,,L,3.53,,0.081,,,,,,,,0.1737800828749375,0.0449551277056241,0.0606427986570546,A/S,1778279410.0389228,656260955.7369576,26405549902.60557,Blanchard 2016
050822,103.4,42.48151191454396,L,,Swift,0.7976639511311515,1.177036531528061,1.054726689664272,1.3222694697041089,1.434,,L,,,,,,,,,,,,,,,7079457843.841373,,,Perley 2016
050824,22.6,12.363238512035013,L,SN,Swift,0.5771648958896842,0.4199231754624671,0.4960551595836656,0.8594686945036909,0.828,,L,3.597,,0.41,0.941,0.26,0.3,O[II],,,,0.5128613839913658,0.1054811061872519,0.1327928450432904,log(O/H),,,,"Blanchard 2016, Levesque 2010, SNTABLE"
050826,35.5,27.391975308641975,L,,Swift,1.7005528675338997,14.38301180261228,6.64890136638104,3.909846905273292,0.296,,L,,,,2.94,,0.1,O[II],1.48e-09,,,1.3803842646028863,0.2839060684596992,0.3574165641464897,log(O/H),12589254117.941662,5670944408.752299,8303707190.598747,"Levesque 2010, Mannucci 2011"
050904,174.2,23.8793694311172,L,,Swift,1.7020412444893929,14.426466126650702,6.663618293466888,3.9150745112912655,6.295,,L,0.774,,0.205,,,,,,,,0.1,,,A/S,11748975549.395304,,,"Blanchard 2016, Perley 2016"
050906,0.128,0.1241753977493209,S,,Swift,1.239253157533161,4.991257900743184,3.0483162025048887,2.4598010374029,0.0308,,Q,,,,7.943282347242816,0.0,4065.859495693883,SED,7.413102413009163e-12,0.0,1.070777994996304e-08,,,,SED,16982436524.61746,10956840663.873869,19325368952.392715,Jeong 2024
050908,19.4,4.4631559573929644,L,,Swift,1.1230518622236294,3.590212437818863,2.391883255528862,2.129806588622685,3.3467,,L,0.275,,0.405,0.7,,,UV,3.5083106353909e-10,,,,,,,1995262314.9688828,,,Blanchard 2016
050915A,53.42,15.143869596031184,L,,Swift,,,,,2.5275,,L,,,,196.0,174.0,1563.0,H beta,5.4e-09,,,,,,,36307805477.01018,8765518443.628433,19926327042.024727,Li 2016
050922B,150.9,25.57627118644068,L,,Swift,0.9239960304620896,1.8945225185120715,1.4954428928150088,1.6184516421213837,4.9,,,,,,,,,,,,,,,,,12022644346.174131,,,Perley 2016
050922C,4.54,1.4191047761940483,L,,Swift,1.5619964258196728,10.790712833936698,5.378733895143437,3.443499489648892,2.1992,,L,,,,,,,,,,,0.013182567385564,0.0036326415253497,0.0050144412005357,A/S,1023292992.2807536,,,"Li 2016, Perley 2016"
051001,189.1,55.13762537905295,L,,Swift,0.985734472428282,2.3394300140860547,1.745982787736515,1.7712506121810057,2.4296,,L,,,,110.0,59.0,124.0,H alpha,9.14940148212938e-09,,,,,,,12022644346.174131,,,Perley 2016
051006,34.8,16.901408450704224,L,,Swift,,,,,1.059,,L,,,,,,,,,,,,,,,38018939632.05613,,,Perley 2016
051008A,64.0,16.97612732095491,L,,Swift,,,,,2.77,,L,,,,72.1,54.4,25.5,SED,1.4720000000000002e-08,,,,0.2,,,4897788193.684457,823985415.6433349,126927885661.956,Li 2016
051016B,4.02,2.076660812067362,L,,Swift,,,,,0.9358,,L,2.023,,1.532,10.2,2.0,2.6,H alpha,,,,0.3801893963205612,0.1403061044186121,0.1568424000496914,E,,,,"Blanchard 2016, Li 2016"
051022,178.0,98.50581073602656,L,,HETE-2,,,,,0.807,,L,1.283,,0.932,271.0,10.0,0.15,O[II],2.28e-09,,,0.8511380382023759,0.1750550628103939,0.2203812670352289,log(O/H),26302679918.953815,2860391765.754635,3209412347.710087,"Blanchard 2016, Levesque 2010, Mannucci 2011"
051109B,13.38,12.38888888888889,L,,Swift,1.0147288402674204,2.572408602672642,1.872103785779028,1.8449301049585385,0.08,,L,,,,,,,,,,,,,,,,,,Li 2016
051111A,64.0,25.09803921568628,L,,Swift,,,,,1.55,,L,,,,30.0,,,UV,,,,,,,,,,,Li 2016
051117B,9.01,6.085781830462682,L,,Swift,,,,,0.4805,,L,,,,4.7,2.2,4.9,H alpha,,,,2.041737944669529,0.6292004000467748,0.9094712819968565,E,,,,Li 2016
051210,1.3,0.3631284916201117,S,,Swift,1.931123789573703,22.17430546376648,9.152508701339178,4.739472814096294,2.58,,SF,29.08,14.4,16.34,1.6982436524617444,1.5752167753805062,24.00571417522689,SED,2.818382931264449e-09,2.077072689963533e-09,2.1728706225585783e-08,0.6309573444801932,0.3219278012288342,0.4405619607574131,SED,208929613.0854041,187051996.84590855,303931770.90596175,"Fong 2022, Jeong 2024, Kann 2011, Nugent 2022"
051221,1.4,0.9049773755656108,S,,Swift,,,,,0.547,,SF,2.08,0.18,0.19,1.9498445997580451,1.7838859090142891,3.1787692401556034,SED,3.54813389233576e-10,3.1590887473414803e-10,7.67205065068389e-10,0.1071519305237606,0.0048226312956852,0.0103378249701923,SED,2511886431.509582,512185469.9489356,1009269144.9391056,Leibler 2010
051227,1.676,,S-EE,,Swift,1.5000656244662394,9.416294169391495,4.864745877495003,3.2430220372698697,,,,0.4,0.16,0.16,,,,,,,,,,,,,,,"Kann 2011, Lien 2016"
060111A,13.21,3.978915662650603,L,,Swift,1.3002299190686075,5.834853776781525,3.4192442589864456,2.6297227965925822,2.32,,L,,,,,,,,,,,,,,,,,,Li 2016
060115,139.6,30.797740910695374,L,,Swift,1.2272413923929038,4.8149324184979205,2.9683157399357616,2.418689394225916,3.5328,,L,2.042,,0.471,2.1,,,UV,7.802239811040631e-10,,,0.0295120922666638,,,A/S,2691534803.9269137,,,"Blanchard 2016, Perley 2016"
060121,2.61,0.9666666666666666,S,,HETE-2,,,,,1.7,,S,1.02,0.39,0.39,,,,,,,,,,,,,,,Kann 2011
060123A,900.0,576.9230769230769,L,,Swift,,,,,0.56,,L,,,,,,,,,,,,,,,,,,Li 2016
060124,300.0,90.90909090909092,L,,Swift,1.1378629586124105,3.749039786586192,2.4691641312114223,2.170001327947693,2.3,,L,0.278,,0.291,,,,Literature,,,,,,,,501187233.6272715,356643256.5526787,977921154.5409358,Li 2016
060202,198.9,111.42857142857142,L,,Swift,1.1734644405473804,4.150782171331808,2.6611538738045946,2.2677754705232127,0.785,,L,,,,5.8,2.0,1.1,SED,5.2900000000000006e-09,,,,,,,2089296130.8540409,96478196.14318275,641322632.6061864,Perley 2016
060204B,139.46,41.76324379360944,L,,Swift,,,,,2.3393,,L,,,,78.0,34.0,85.0,H alpha,4.0003187951326535e-09,,,,,,,19498445997.580418,,,"Li 2016, Perley 2016"
060206,7.6,1.503194287861706,L,,Swift,1.268877884561599,5.379477757514074,3.2206227659766165,2.538166048255583,4.0559,,L,2.021,,0.888,1.2,,,UV,5.743561107871657e-10,,,0.1819700858609983,,,A/S,2089296130.8540409,,,Blanchard 2016
060210,255.0,51.91156711860266,L,,Swift,1.4311994261774166,8.041557601623973,4.330521383226732,3.0257987140150697,3.9122,,L,,,,45.5,,,UV,3.3e-09,,,0.1479108388168207,,,A/Si,28840315031.266117,7196908165.952902,15036472385.237251,Perley 2016
060218,2100.0,2030.9477756286267,L,SN,Swift,0.8802989014536912,1.6186026329917569,1.3323247044968212,1.5134912724492469,0.034,,L,0.115,,0.03,0.03,,0.1,O[II],8.3e-10,,,0.3311311214825921,0.0681043222930528,0.0857382619877442,log(O/H),234422881.53199175,64598516.28581786,89170775.3976363,"Blanchard 2016, Levesque 2010, Mannucci 2011, Perley 2016, SNTABLE"
060223,11.32,2.0939696633370333,L,,Swift,,,,,4.406,,L,0.749,,1.186,1.1,,,UV,,,,0.0158489319246111,,,A/S,,,,Blanchard 2016
060306,61.2,23.91559202813599,L,,Swift,1.1824153700241318,4.2561812928138005,2.710754246218436,2.2925566725025845,1.559,,L,,,,17.6,11.0,83.6,H alpha,2.22e-09,,,,,,,31622776601.683792,863824503.4014482,1829089862.3152895,Perley 2016
060313,0.74,,S,,Swift,2.4903481395389995,53.23656009576743,17.486787688568207,7.021824543698244,,,S,2.6,0.5,0.55,,,,,,,,,,,,,,,"Fong 2022, Kann 2011"
060319A,8.91,4.102209944751382,L,,Swift,,,,,1.172,,L,,,,8.3,4.3,6.9,SED,3.9000000000000005e-10,,,,,,,21379620895.022324,3182612308.922497,8819896308.997868,Li 2016
060418,103.1,41.40395968033412,L,,Swift,1.24749852058875,5.084052757006584,3.0894415471871235,2.476509187144429,1.4901,,L,3.419,,0.04,,,,,,,,0.0223872113856834,,,A/Si,,,,Blanchard 2016
060502B,0.131,0.1017871017871017,S,,Swift,2.021623804142056,25.935819754103186,10.275666489052416,5.082877668930715,0.287,Elliptical,Q,71.0,15.9,15.9,1.1481536214968828,0.0,3.2170047009047753,SED,9.549925860214368e-12,0.0,3.8313083372049436e-11,,,,SED,120226443461.74132,87113331313.48224,38262875784.36977,"Jeong 2024, Kann 2011, Li 2016"
060505,4.0,3.6717459151826697,S-EE,LC KN,Swift,1.7021587756483447,14.42846324473256,6.664384779358824,3.9152544843064887,0.0894,Spiral,SF,7.16,0.33,0.062,2.51188643150958,2.0106991978823077,20.930401721689645,SED,1.1748975549395303e-09,1.0460725997702172e-09,2.2813431635255416e-08,0.8128305161640995,0.1671762871294432,0.2104624761166541,SED,2137962089.5022328,1306198318.3995616,2990651750.4114265,"Blanchard 2016, Jeong 2024, Kann 2011, Mannucci 2011, Ofek 2007, Thone 2008, Xu 2009"
060510B,262.95,44.56779661016949,L,,Swift,1.1768475404545664,4.19044444698877,2.6798482428331623,2.277141388933056,4.9,,L,,,,12.0,,,UV,1.8585799426949755e-09,,,0.1445439770745927,,,A/S,6456542290.346562,,,"Li 2016, Perley 2016"
060512A,11.36,7.87357915164957,L,,Swift,,,,,0.4428,,L,,,,,,,,,,,,,,,,,,Li 2016
060522,71.1,11.636661211129296,L,,Swift,1.3784782913936602,7.0916937144938,3.947480012570113,2.863650474015922,5.11,,L,,,,,,,,,,,,,,,2041737944.6695316,,,Perley 2016
060526,298.2,70.6417454338711,L,,Swift,1.0275898345909371,2.680648924458836,1.929521954657656,1.877716078639256,3.2213,,L,,,,0.4,,,UV,2.004748934509086e-10,,,0.2691534803926916,0.1177973555490707,0.2094766119299468,A/S,1995262314.9688828,,,Perley 2016
060602A,74.68,41.79071068830443,L,,Swift,1.7184230548075845,14.901506350940918,6.824958978458431,3.971640719882356,0.787,,L,,,,,,,,,,,,,,,,,,Li 2016
060604A,96.0,30.617126455110828,L,,Swift,,,,,2.1355,,L,,,,7.2,3.6,9.4,H alpha,,,,0.2570395782768864,0.1422242161271981,0.2327392410915598,E,,,,Li 2016
060605,79.1,16.5723863398282,L,,Swift,,,,,3.773,,L,0.18,,0.294,2.07,0.33,0.33,Lya,9.461725525027915e-10,,,,,,,2187761623.949552,,,Blanchard 2016
060607,102.98,25.271785810694745,L,,Swift,,,,,3.0749,,L,,,,0.1,,,UV,5.888436553555884e-11,,,,,,,1698243652.461746,,,Blanchard 2016
060614,6.0,5.333333333333333,S-EE,HC KN,Swift,0.97503464264692,2.257355046701345,1.7007480404015316,1.7442949881088554,0.125,Dwarf,SF,0.7,0.22,0.79,0.0084,94.56682806178844,1310.2082453946773,H alpha,1.0964781961431828e-10,1.0133018190329162e-10,1.5885958328474207e-09,0.05,0.0338663693496678,0.0575734882417831,SED,89125093.8133746,31581100.07965893,31101349.64836672,"Della Valle 2007, Gal-Yam 2007, Yang 2015, Barthelmy 2006, Fong 2022, Jeong 2024, Kann 2011, Nugent 2022"
060707,66.2,14.963833634719713,L,,Swift,,,,,3.424,,L,,,,19.9,14.3,48.0,[OII],2.23e-09,,,0.0204173794466952,,,A/Fe,9772372209.558111,5281728833.636438,12965106858.158075,Perley 2016
060714,115.0,30.990621968308723,L,,Swift,1.0757962500077471,3.116090567598304,2.155361180729336,2.003503154722667,2.7108,,L,,,,0.8,,,Lya,4.4987306015227925e-10,,,0.1071519305237606,,,A/Zn,1778279410.0389228,,,Perley 2016
060719,66.9,26.442687747035578,L,,Swift,1.0782265903929114,3.139352025653946,2.167105823115965,2.009879780766917,1.53,,L,1.743,,0.684,7.1,3.9,18.9,Literature,5.6e-10,,,0.831763771102671,0.3531336787800326,0.4864929674537362,E,6918309709.189363,4460948956.300667,900374707.974844,"Blanchard 2016, Perley 2016, Schneider 2022"
060729,115.3,74.73424941664506,L,SN,Swift,1.2404520350714514,4.989303271279511,3.0469825988322303,2.4563485831652656,0.5428,,L,2.149,,0.265,0.96,0.69,2.21,H alpha,7.1e-10,,,,,,,204173794.46695316,226944428.28969073,130145505.5765512,"Blanchard 2016, Perley 2016, SNTABLE"
060801,0.49,0.2299389957766306,S,,Swift,,,,,1.131,,SF,10.25,12.6,10.92,38.90451449942807,35.593203284602154,25.660908404037492,SED,2.0892961308540408e-08,1.9344144689627922e-08,3.654127848309927e-09,0.7585775750291838,0.1831376376920268,0.1964150109922522,SED,1862087136.6628656,713933515.1659863,2708794759.4858866,"Fong 2022, Jeong 2024, Kann 2011, Nugent 2022"
060805A,4.93,1.4658222579014657,L,,Swift,0.9293943554498124,1.9309010748434488,1.516526345103221,1.6317361260164378,2.3633,,L,,,,9.0,2.5,3.9,H alpha,,,,,,,,,,,Li 2016
060814,145.3,49.76027397260275,L,,Swift,1.3874906755529806,7.247859970770333,4.0113440351752025,2.89107819306713,1.92,,L,,,,56.0,9.0,9.0,Literature,5.5300000000000005e-09,,,,,,,26915348039.26914,6497968592.573822,8565990884.088322,"Perley 2016, Schneider 2022"
060904B,171.9,100.94544600387574,L,SN,Swift,1.2680896882568773,5.368339063565255,3.21573209013441,2.535886948623305,0.7029,,L,,,,,,,,,,,,,,,,,,"Li 2016, SNTABLE"
060906A,44.58,9.514256445279154,L,,Swift,,,,,3.6856,,L,,,,8.2,,,UV,3.264478798538674e-09,,,0.0190546071796324,,,A/S,2511886431.509582,,,Li 2016
060908,19.3,6.693022610625607,L,,Swift,1.5974230973615804,11.639654992577318,5.687740957134825,3.560572628835222,1.8836,,L,,,,1.76,0.22,0.22,Lya,1.2459845805160815e-09,,,,,,,1412537544.6227555,,,Perley 2016
060912A,5.03,2.5978721206486934,L,,Swift,1.2069243259617,4.555856287107514,2.849836822202028,2.361239027916041,0.9362,,L,5.155,,1.203,5.1,1.6,2.1,H alpha,3e-09,,,0.831763771102671,0.2008064266224777,0.2397555341349354,E,1698243652.461746,252803881.71581793,251600947.2963035,"Blanchard 2016, Li 2016"
060923B,8.95,3.5665896230174536,L,,Swift,0.7201289979788592,0.8477155217497048,0.8292971126470167,1.1515952210986542,1.5094,,L,2.46,,0.56,3.0,1.5,2.9,H alpha,8.6e-10,,,,,,,102329299228.07536,13204205414.700958,7318520386.24292,Li 2016
060926A,7.79,1.8507959135186507,L,,Swift,,,,,3.209,,L,,,,26.0,17.0,47.0,[OIII],2.1600000000000004e-09,,,0.0478630092322638,,,A/Zn,12022644346.174131,4079361998.9313097,6174364239.925695,Li 2016
060927,22.5,3.4792021029843823,L,,Swift,,,,,5.467,,L,,,,0.9,,,UV,2.1098059337879258e-10,,,0.0281838293126445,,,A/S,4265795188.0159345,,,Perley 2016
061006,0.5,0.3422313483915126,S-EE,LC KN,Swift,1.2007152532028462,4.478475736391619,2.8141680095509862,2.343743033199868,0.461,,SF,1.39,0.24,0.29,2.6915348039269156,2.5685079268456774,28.931241797756876,SED,7.413102413009162e-10,6.93447232068652e-10,9.4916196815066e-09,0.1445439770745927,0.0323421316443964,0.0793281367822412,SED,501187233.6272715,162343077.48806942,977921154.5409358,"Fong 2022, Jeong 2024, Kann 2011, Nugent 2022, Krimm 2006"
061007,75.3,33.31858407079646,L,,Swift,1.9721501819678584,23.82648497429508,9.651394001131193,4.893843323585427,1.26,,L,0.184,,0.862,4.4,2.1,6.2,Literature,5.539271811894332e-09,,,,,,,794328234.7242821,543139591.573324,1200934080.2446008,"Blanchard 2016, Perley 2016, Schneider 2022"
061021,46.2,34.31627423308326,L,,Swift,1.6443726878248337,12.836009741588716,6.113361408738,3.717746867241341,0.3463,,L,,,,0.05,0.01,0.03,H alpha,1.6000000000000002e-10,,,,,,,42657951.88015926,216227766.01683795,683772233.983162,Perley 2016
061110B,132.76,29.938661374706836,L,,Swift,1.977424939434788,24.044742908650797,9.716726270526197,4.913828118959373,3.4344,,L,0.449,,0.22,5.5,0.15,0.38,UV,2.756529784949993e-09,,,0.0144543977074592,,,A/S,1995262314.9688828,,,"Blanchard 2016, Li 2016"
061121,81.3,35.12637718729747,L,,Swift,1.5129337730404426,9.691032224170842,4.96889620511077,3.284278726308759,1.3145,,L,,,,,,,,,,,,,,,20417379446.695316,,,Perley 2016
061126A,50.28,23.29071706503613,L,,Swift,,,,,1.1588,,L,,,,2.38,,,[OII],1.2e-10,,,,,,,20417379446.695316,13499069737.505957,39838579160.740616,Li 2016
061201,0.76,0.684068406840684,S,LC KN,Swift,,,,,0.111,,SF,34.0,2.0,2.0,0.14,,,,,,,,,,,,,,"Fong 2022, Kann 2011, Stratta 2007"
061202,91.2,28.03565939133108,L,,Swift,,,,,2.253,,L,,,,43.0,22.0,60.0,H alpha,4.400159866807241e-09,,,,,,,9772372209.558111,,,Perley 2016
061210,85.3,60.5179141539553,S-EE,,Swift,1.3688632855911491,6.927874711265204,3.8799846022576103,2.834457350926775,0.4095,,SF,15.51,9.9,14.36,5.7543993733715695,4.682880068133963,39.95441958811595,SED,5.7543993733715666e-11,4.682880068133962e-11,3.69035525067876e-10,0.933254300796991,0.4203929168056262,0.2970144700153906,SED,3019951720.402019,675722905.0820913,870499729.5407858,"Fong 2022, Jeong 2024, Kann 2011, Nugent 2022"
061217,0.212,0.1160372194854953,S,,Swift,2.5257484599104547,55.90879221388251,18.13218351115684,7.178934798518961,0.827,,S,58.2,29.5,29.5,2.5,,,[OII],1.99e-09,,,,,,,1258925411.794166,,,"Kann 2011, Leibler 2010"
061222B,37.25,8.553386911595865,L,,Swift,1.0309076272778703,2.709255122122168,1.9447322137007643,1.886427224169312,3.355,,L,0.368,,0.368,2.7,0.2,0.2,SED,2.1e-09,,,,,,,1288249551.6931322,475419035.5290327,1731702168.7088745,Li 2016
070103A,18.4,5.081749889527176,L,,Swift,,,,,2.6208,,L,,,,43.0,17.0,162.0,H beta,,,,,,,,,,,Li 2016
070110,88.4,26.37152829569524,L,,Swift,1.350423323058911,6.620639942605434,3.7525803494748966,2.778817786540253,2.3521,,L,,,,8.9,2.8,10.9,H alpha,6.1572956411785324e-09,,,0.0478630092322638,,,A/Si,1445439770.745928,,,Perley 2016
070125,70.0,27.483313702394977,L,,Konus-Wind,,,,,1.547,,L,,,,1.0,,,[OIII],,,,,,,,,,,Blanchard 2016
070129,460.6,137.97028516654686,L,,Swift,1.0072794785859784,2.511019151188529,1.8391195271957568,1.8258284481060985,2.3384,,L,,,,20.0,7.0,28.0,H alpha,1.4158915687682744e-09,,,,,,,14125375446.227554,,,Perley 2016
070208,47.7,21.981566820276495,L,,Swift,1.0222335850045792,2.635057638448188,1.9054611473749277,1.864017358974164,1.17,,L,0.82,,0.327,,,,Literature,,,,,,,,7413102413.009162,2626801489.7827816,6076526412.907344,"Blanchard 2016, Schneider 2022"
070223,88.5,33.656588705077006,L,,Swift,1.082704576066443,3.1825117896108903,2.188970664855331,2.021761718979748,1.6295,,L,,,,,,,,,,,,,,,3388441561.3920207,,,Perley 2016
070224A,48.0,16.04170844194907,L,,Swift,,,,,1.9922,,L,,,,3.2,2.3,6.5,[OIII],,,,,,,,,,,Li 2016
070306,209.5,83.8,L,,Swift,1.2950905767875636,5.758111705523163,3.386025634847637,2.614508742119474,1.5,,L,0.76,,0.38,38.0,2.0,2.0,Literature,4.110000000000001e-09,,,0.7079457843841379,0.1325058470469809,0.1630178055719428,E,30199517204.02019,3896837285.066376,4474167841.233044,"Blanchard 2016, Perley 2016, Schneider 2022"
070318,74.6,40.54347826086956,L,,Swift,1.541629574029886,10.323572373628286,5.20606950385799,3.376991199156293,0.84,,L,0.827,,0.458,0.79,0.24,0.44,H alpha,2.278384887470023e-09,,,,,,,346736850.452531,,,"Blanchard 2016, Perley 2016"
070328,75.3,24.586149475952592,L,,Swift,1.7255999430174138,15.113665104649993,6.896518797543556,3.996591924710071,2.0627,,L,,,,8.4,4.2,130.7,H beta,9.00076216399588e-10,,,,,,,9332543007.969925,,,Perley 2016
070411A,102.04,25.80808336284081,L,,Swift,,,,,2.9538,,L,,,,,,,,,,,,,,,,,,Li 2016
070419B,238.14,80.4907726627459,L,,Swift,1.2727413121157205,5.43413037818714,3.244665849436166,2.54935218849968,1.9586,,L,,,,21.0,11.0,35.0,H alpha,3.0354235185664487e-09,,,,,,,6918309709.189363,,,"Li 2016, Perley 2016"
070429B,0.47,0.2471083070452155,S,,Swift,1.278880552915326,5.521666151374854,3.2831458367524227,2.567202878539508,0.902,,SF,6.0,5.24,13.44,1.202264434617413,0.8041572640639156,32.68215117930284,SED,4.7863009232263794e-11,3.2014077307652687e-11,1.2110624025619023e-09,0.1174897554939529,0.012776900688863,0.0237639989683224,SED,25118864315.09582,3739243420.073498,40950480485.66382,"Fong 2022, Jeong 2024, Kann 2011, Li 2016, Nugent 2022"
070506A,4.35,1.3145965548504075,L,,Swift,,,,,2.309,,L,,,,0.52,0.13,0.13,Lya,,,,0.2238721138568339,,,A/Zn,,,,Li 2016
070508,20.9,11.483516483516484,L,,Swift,1.5850024881948004,11.33548245430031,5.577761907209001,3.51908716153604,0.82,,L,3.577,,0.277,,,,,,,,,,,,2570395782.7688646,,,"Blanchard 2016, Perley 2016"
070518A,4.35,2.012956964368348,L,,Swift,,,,,1.161,,L,,,,,,,,,,,,,,,,,,Li 2016
070521,37.9,12.26537216828479,L,,Swift,1.5933454050874951,11.5385081046812,5.651316778965606,3.546824662700977,2.09,,L,,,,49.85,2.86,72.33,Literature,8.4e-10,,,,,,,44668359215.09635,205232468.18551636,27775236792.402855,"Perley 2016, Schneider 2022"
070529A,108.9,31.11784203909018,L,,Swift,,,,,2.4996,,L,,,,,,,,,,,,,,,,,,Li 2016
070611A,13.18,4.336382180693557,L,,Swift,,,,,2.0394,,L,,,,280.0,120.0,120.0,IR,,,,,,,,,,,Li 2016
070612A,365.28,218.5996409335727,L,,Swift,1.2835123744513095,5.588559784165143,3.3123788611318963,2.580714395175122,0.671,,L,,,,81.0,,,O[II],,,,0.3981071705534969,0.0818794045366589,0.1030800630737745,log(O/H),,,,"Levesque 2010, Li 2016"
070707,1.1,,S,,INTEGRAL,,,,,,,S,3.25,,0.24,,,,,,,,,,,,,,,"Fong 2022, Kann 2011"
070714B,3.0,1.5600624024960998,S-EE,LC KN,Swift,1.5499581925111898,10.512350836700442,5.276184135638952,3.404081581768768,0.923,,SF,12.33,0.63,0.87,3.715352290971725,3.1783204946014725,21.40351202412407,SED,1.778279410038922e-09,1.6433831217797575e-09,2.2210049780155978e-08,0.309029543251359,0.143070852507603,0.307565458610123,SED,2089296130.8540409,1066003138.5732872,2481585765.294711,"Fong 2022, Jeong 2024, Kann 2011, Li 2016, Nugent 2022, Graham 2009"
070721B,336.86,72.75908246576527,L,,Swift,1.6966413836672294,14.27150957652047,6.610735904394558,3.896366060637805,3.6298,,L,0.327,,0.387,1.25,0.17,0.17,Lya,4.752367454007016e-10,,,0.0072443596007498,,,A/Si,2630267991.8953815,,,"Blanchard 2016, Li 2016, Perley 2016"
070724,0.4,0.2745367192862045,S,,Swift,,,,,0.457,,SF,5.52,0.06,0.18,3.890451449942806,2.268641352583876,41.81836751154471,SED,3.801893963205613e-10,2.730374657968008e-10,1.0839995146699069e-08,0.1778279410038923,0.0,0.0,SED,10232929922.807535,6251858217.272568,9265516074.772877,"Fong 2022, Jeong 2024, Nugent 2022"
070729,0.9,0.5921052631578947,S,,Swift,2.1579440647882837,32.44963768801438,12.126349143143509,5.619399196212822,0.52,,SF,19.72,,14.49,4.570881896148751,4.2160685069151755,41.13793706533877,SED,1.8197008586099822e-10,1.678447104147707e-10,1.366846533051481e-09,0.2691534803926916,0.131115053932403,0.472156760908226,SED,25118864315.09582,6497992948.467167,21654649813.62399,"Fong 2022, Jeong 2024, Kann 2011, Nugent 2022"
070802,16.4,4.753623188405796,L,,Swift,1.189159208422398,4.337303304353875,2.7486521874023166,2.3114248856961934,2.45,,L,1.069,,0.39,32.2,17.8,17.8,Literature,4.79e-09,,,0.2884031503126605,,,A/Si,3715352290.971728,1316519371.9522328,2039047082.399839,"Blanchard 2016, Schneider 2022"
070808,32.0,13.617021276595745,L,,Swift,1.47004286525317,8.797315782460782,4.627007359810305,3.147532272137823,1.35,,,,,,,,,,,,,,,,,2238721138.568338,,,Perley 2016
070809,1.3,0.8825526137135099,S,LC KN,Swift,1.2656974585560172,5.33482156064177,3.2009576455587228,2.5290069312539862,0.473,,Q,34.11,1.98,2.75,1.2589254117941673,0.0,10.22261080317466,SED,1.1220184543019652e-11,0.0,8.427907405912404e-11,0.6025595860743578,0.3626762941724087,0.4939186100688273,SED,70794578438.41373,17091398801.388395,143001630511.8095,"Fong 2022, Jeong 2024, Kann 2011, Nugent 2022"
070810B,0.072,0.0693307655272026,S,,Swift,1.9260606018284725,21.97607955783472,9.091801013109352,4.720412745309368,0.0385,,Q,,,,2.4547089156850306,0.0,0.0,SED,7.585775750291852e-12,0.0,0.0,,,,SED,53703179637.02533,23503662433.00514,3840814096.690338,Jeong 2024
071003A,148.38,56.9739090368038,L,,Swift,,,,,1.60435,,L,,,,,,,,,,,,,,,,,,Li 2016
071010B,36.13,18.556753980482796,L,,Swift,1.0237180656171965,2.647647369207329,1.9121425307165116,1.867840956351285,0.947,,L,0.86,,0.195,,,,,,,,,,,,,,,"Blanchard 2016, Li 2016"
071020,4.2,1.3349437416566017,L,,Swift,1.889513612490434,20.583528539951367,8.66283402231533,4.584689924989459,2.1462,,L,,,,,,,,,,,,,,,2691534803.9269137,,,Perley 2016
071021,225.0,65.21739130434783,L,,Swift,,,,,2.45,,L,,,,90.0,5.0,5.0,Literature,2.7000000000000005e-10,,,,,,,120226443461.74132,13074512937.980837,14669844797.424286,"Perley 2016, Schneider 2022"
071025,109.0,18.79310344827586,L,,Swift,1.2218559891259435,4.745150088741415,2.936567332990838,2.403366156998188,4.8,,,,,,,,,,,,,,,,,15135612484.362072,,,Perley 2016
071031,180.0,48.75406283856988,L,,Swift,0.7819332489462151,1.1039008621497868,1.0062363971919122,1.2868571563467637,2.692,,L,,,,1.28,0.15,0.15,Lya,,,,0.0141253754462275,0.0034101823938514,0.0044954959204011,A/Fe,,,,Blanchard 2016
071112C,15.0,8.22954956932024,L,SN,Swift,,,,,0.8227,,L,1.533,,0.206,,,,,,,,,,,,776247116.6286927,263385732.6373269,320231079.51449454,"Blanchard 2016, Li 2016, SNTABLE"
071117A,6.07,2.60425604942509,L,,Swift,,,,,1.3308,,L,,,,,,,,,,,,,,,,,,Li 2016
071122,68.7,32.10280373831776,L,,Swift,,,,,1.14,,L,0.616,,0.433,,,,Literature,,,,,,,,5623413251.903491,2234971690.5114703,4609516670.904046,"Blanchard 2016, Schneider 2022"
071227,5.0,3.620564808110065,S-EE,,Swift,0.992659071878748,2.3936459020541694,1.7756605662101437,1.7887919594080317,0.381,Spiral,SF,14.8,0.34,0.34,6.309573444801933,4.929189180199049,44.97656495433455,SED,1.8620871366628656e-10,1.6166162450943634e-10,1.763635886091755e-09,0.6918309709189365,0.3027858259246559,0.4301874833830268,SED,33884415613.920204,8765551298.824486,35298681477.97343,"D’Avanzo 2009, Eyles 2019, Fong 2022, Jeong 2024, Kann 2011, Nugent 2022, Sakamoto 2007"
080121,0.32,0.3062200956937799,S,,Swift,,,,,0.045,,SF,,,,3.801893963205611,3.447080573972036,19.640394189993614,SED,2.8183829312644494e-10,2.3397528389418116e-10,2.009029359641325e-09,,,,SED,933254300.7969924,420392916.8056266,1885128630.4674685,Jeong 2024
080123,0.64,0.4280936454849498,S-EE,,Swift,0.9531475469504928,2.0963797520386485,1.61079435713489,1.689973774037899,0.495,,SF,53.63,,7.67,2.4547089156850306,0.9411476672488224,4.958393497324144,SED,2.2387211385683374e-10,8.583368739654566e-11,5.704561208674484e-10,1.288249551693134,0.1917713555499489,0.0921347129097507,SED,10715193052.376047,2005557152.8152523,4420419431.986023,"Fong 2022, Jeong 2024, Nugent 2022, Tueller 2008"
080129A,50.22,9.388670779584968,L,,Swift,,,,,4.349,,L,,,,,,,,,,,,,,,,,,Li 2016
080205,106.5,28.629032258064516,L,,Swift,1.0286554830217625,2.689737347122621,1.9344160102706,1.880528556157684,2.72,,,,,,,,,,,,,,,,,8128305161.640995,,,Perley 2016
080207,340.0,110.03236245954692,L,,Swift,1.3560634351276315,6.71320846033166,3.79122976193401,2.7957613661171994,2.09,,L,6.402,,3.65,250.0,13.0,13.0,Literature,6.9e-10,,,1.1220184543019631,0.3276902195776818,0.4628747381591502,E,199526231496.88828,8980159700.56305,9403381588.515808,"Blanchard 2016, Perley 2016, Schneider 2022"
080210,45.0,12.356187704220323,L,,Swift,1.2172505702417973,4.686191096579263,2.909645154151073,2.390341993081256,2.6419,,L,,,,,,,,,,,0.0616595001861482,0.0190015483059889,0.0274655936272263,A/Si,3162277660.1683793,,,Perley 2016
080310,365.0,106.49471902900156,L,,Swift,0.8599834070607932,1.5006521819239358,1.2603753930938195,1.4655810597572636,2.4274,,L,,,,,,,,,,,0.0501187233627272,0.0184959467610434,0.0293141001097009,A/C,6025595860.743568,,,Perley 2016
080319A,64.0,21.146538906327443,L,,Swift,1.372809219168865,6.994876402775919,3.907690828892141,2.846492268793154,2.0265,,,,,,,,,,,,,,,,,16218100973.58933,,,Perley 2016
080319B,124.86,64.42059642967702,L,SN,Swift,1.946973563744212,22.80185513117472,9.343080254480592,4.798770989223386,0.9382,,L,1.697,,0.929,0.13,,,SED,1.11e-09,,,,,,,117489755.49395303,82816070.44869986,1004528698.8080122,"Blanchard 2016, Li 2016, SNTABLE"
080319C,29.55,10.016949152542372,L,,Swift,1.6410801146549203,12.74970247692186,6.083029774454474,3.7067232246206254,1.95,,L,0.655,,0.167,,,,Literature,,,,,,,,660693448.0075965,461167216.5107082,888123170.9048831,"Blanchard 2016, Li 2016, Schneider 2022"
080325,128.4,46.18705035971223,L,,Swift,1.3568758800020393,6.726823254370545,3.796733746190743,2.798143737498699,1.78,,L,5.89,,0.635,66.09,24.3,24.3,Literature,4.5000000000000005e-10,,,1.5488166189124817,,,E/KK04,56234132519.034904,8371123286.771103,9835212281.72474,"Blanchard 2016, Perley 2016, Schneider 2022"
080330A,67.05,26.692941597993553,L,,Swift,,,,,1.5119,,L,,,,,,,,,,,,,,,,,,Li 2016
080411,56.0,27.58484803704251,L,,Swift,1.2445721762239474,5.044753639190257,3.0718498286512537,2.4681974154133,1.0301,,L,,,,,,,,,,,,,,,346736850.452531,,,Perley 2016
080413B,8.0,3.807348181991243,L,,Swift,1.19558363921665,4.414994483992601,2.784839323626424,2.3292718570915363,1.1012,,L,,,,2.1,1.2,3.1,H alpha,1.3300000000000002e-09,,,0.3981071705534972,0.1985809390566092,0.4336566005491737,E,1584893192.4611108,953935847.9809192,926993239.0484612,Li 2016
080430,16.2,9.168081494057724,L,,Swift,1.202817885813207,4.504327541931363,2.826115028994274,2.3495784875892327,0.767,,L,0.8,,0.361,,,,,,,,,,,,213796208.95022324,52128660.64890094,44954959.20401102,"Blanchard 2016, Perley 2016"
080515A,20.91,6.0259365994236305,L,,Swift,,,,,2.47,,L,,,,,,,,,,,,,,,,,,Li 2016
080517A,64.61,59.329660238751146,L,,Swift,,,,,0.089,,L,,,,15.5,0.4,0.4,H alpha,4.08e-09,,,,0.003,,,3801893963.2056127,1171625971.3102312,1209978373.067102,Li 2016
080520,2.8,1.0980392156862746,L,,Swift,,,,,1.55,,L,2.181,,0.865,,,,Literature,,,,,,,,1584893192.4611108,808646075.8324213,1366316034.2052672,"Blanchard 2016, Schneider 2022"
080602A,74.29,26.340235427598923,L,,Swift,,,,,1.8204,,L,,,,125.0,65.0,145.0,H alpha,,,,,,,,,,,Li 2016
080603B,59.12,16.025154505041744,L,,Swift,1.2048139375426776,4.529288999847259,2.837657482031996,2.355266148248288,2.6892,,L,0.753,,0.255,,,,Literature,,,,,,,,1412537544.6227555,4508239671.085294,19234735242.58824,"Li 2016, Perley 2016"
080604A,69.16,28.612800463365183,L,,Swift,,,,,1.4171,,L,,,,,,,,,,,,,,,,,,Li 2016
080605,20.0,7.575757575757577,L,,Swift,1.5977919075220164,11.647691692557869,5.690626879424316,3.561556954090346,1.64,,L,0.682,,0.266,44.9,22.9,22.9,Literature,1.181e-08,,,0.7079457843841379,0.1325058470469809,0.1630178055719428,E,12302687708.123812,3593051808.563015,5075320579.369951,"Blanchard 2016, Perley 2016, Schneider 2022"
080607,79.0,19.554455445544555,L,,Swift,1.6928169454798994,14.162503922501497,6.573400249762031,3.8831134502251374,3.04,,L,3.482,,0.32,35.2,13.9,13.9,Literature,5.01e-09,,,0.0190546071796324,,,A/Fe,27542287033.381634,7124907586.686401,9611235876.335644,"Blanchard 2016, Perley 2016, Schneider 2022"
080707,27.1,12.152466367713004,L,,Swift,1.2313743549777416,4.868775616254933,2.9926783331562103,2.4303562284357514,1.23,,L,0.739,,0.449,,,,Literature,,,,,,,,4786300923.22638,2032072219.888217,4126208458.11106,"Blanchard 2016, Schneider 2022"
080710,120.0,65.02655250894115,L,,Swift,1.466324182924139,8.722276570938474,4.597798054863331,3.135594507958272,0.8454,,L,,,,,,,,,,,,,,,891250938.1337441,,,Perley 2016
080721,16.2,4.510775742050454,L,,Swift,1.8337497725072835,18.584894974827936,8.03359644644298,4.380966567460648,2.5914,,L,,,,,,,,,,,0.0186208713666286,,,A/S,4265795188.0159345,,,Perley 2016
080804,34.0,10.610079575596815,L,,Swift,1.882609114952202,20.3277881712624,8.583215497062376,4.5592127589801335,2.2045,,L,,,,15.2,8.7,41.2,H alpha,7.977073395796554e-09,,,0.1778279410038923,0.0548010639226541,0.0792116372729941,A/Zn,1905460717.9632444,,,Perley 2016
080805,78.0,31.075697211155383,L,,Swift,1.398975058990719,7.4504047206513055,4.0936421585389215,2.92617236614086,1.51,,L,3.944,,0.396,20.6,12.0,12.0,Literature,8.980000000000002e-09,,,0.6309573444801932,0.1738691548653182,0.2201806937221831,E,3388441561.3920207,1346703616.7224977,2234971690.5114703,"Blanchard 2016, Perley 2016, Schneider 2022"
080810,106.0,24.30969635813228,L,,Swift,1.6586706764784949,13.217824866261411,6.246977624028935,3.766255539822904,3.3604,,L,,,,102.7,,,UV,5.909768156452599e-09,,,,,,,17378008287.493763,,,Perley 2016
080905,2.0,1.7828489926903193,S,,Swift,,,,,0.1218,,,18.3,,0.18,,,,,,,,,,,,,,,"Fong 2022, Pagani 2008"
080905A,1.0,0.8914244963451596,S,LC KN,Swift,2.3055784479612487,40.76524358338642,14.354232883226612,6.225870516754533,0.1218,,S,18.5,0.5,0.5,,,,,,,,,,,,,,,"Fong 2022, Kann 2011, Li 2016"
080905B,101.62,30.119446338065742,L,,Swift,1.2704278778343798,5.400948281774559,3.2301301385921244,2.5425529421617608,2.3739,,L,,,,,,,,,,,,,,,,,,Li 2016
080913,8.0,1.0389610389610389,L,,Swift,1.7413268548308514,15.586905781574732,7.055213298364523,4.051630673926436,6.7,,L,,,,,,,,,,,,,,,,,,Blanchard 2016
080916C,62.977,11.77140186915888,L,,Fermi,,,,,4.35,,L,0.075,,0.432,8.2,,,UV,8.586454094017367e-09,,,,,,,954992586.0214368,160664351.29715478,167025868.2805283,Li 2016
080928,280.0,104.01575095657344,L,,Swift,1.2072580300578395,4.559423979169258,2.851543905111927,2.3620003629011355,1.6919,,L,14.437,,0.245,,,,,,,,,,,,1949844599.7580416,,,"Blanchard 2016, Perley 2016"
081007,10.0,6.538084341288002,L,SN,Swift,0.7442521196787407,0.9419979527898906,0.8959214078668003,1.2037875125616413,0.5295,,L,0.7,,0.182,,,,,,,,,,,,602559586.0743569,388763377.1241337,1175719823.9645658,"Blanchard 2016, SNTABLE"
081008,185.5,62.52106504887091,L,,Swift,1.2983445494512793,5.806574019664674,3.4069839965036945,2.6240985090926685,1.967,,L,13.902,,0.236,,,,,,,,0.1380384264602885,0.0380384264602884,0.0525076453360362,A/S,1513561248.436207,,,"Blanchard 2016, Perley 2016"
081028A,284.42,70.4358593363051,L,,Swift,1.1699567343525603,4.109794089067818,2.641860422839899,2.2580838635044667,3.038,,L,,,,,,,,,,,,,,,,,,Li 2016
081029,270.0,55.69421811506013,L,,Swift,1.5085163931574734,9.595776005561447,4.9328745505204,3.270017198948304,3.8479,,L,,,,4.2,,,UV,1.710997166777271e-09,,,,,,,2454708915.685034,,,Perley 2016
081109,221.49,111.94844579226688,L,,Swift,,,,,0.9785,,L,1.364,,0.486,11.8,2.9,4.1,H alpha,1.79e-09,,,1.1481536214968828,0.2148993206998918,0.2643839231258715,E,6606934480.075964,1236616516.3734312,1521370681.565031,Blanchard 2016
081118,67.0,18.71508379888268,L,,Swift,0.928047097541149,1.9217192982578388,1.5111583506326238,1.628320755095751,2.58,,L,,,,,,,,,,,,,,,1513561248.436207,,,Perley 2016
081121,14.0,3.988603988603989,L,,Swift,1.8815247376853672,20.288966367140773,8.571168278902796,4.555437463685416,2.51,,L,0.342,,0.226,,,,Literature,,,,,,,,1737800828.7493763,,,"Blanchard 2016, Perley 2016, Schneider 2022"
081203A,223.0,73.11475409836066,L,,Swift,1.4888122392569298,9.180154462934851,4.774520704514239,3.206932733772537,2.05,,L,,,,,,,,,,,,0.01,,,,,,Li 2016
081210,146.0,47.664131109007215,L,,Swift,1.540742150103135,10.303150991211334,5.198523793560623,3.374038798907813,2.0631,,L,,,,15.3,7.0,111.7,H beta,9.009307926940501e-10,,,,,,,16982436524.61746,,,Perley 2016
081221,34.0,10.429447852760736,L,,Swift,,,,,2.26,,L,3.195,,0.609,35.0,2.0,2.0,Literature,9.4e-10,,,,,,,38018939632.05613,1711134155.0459518,1791777423.2935638,"Blanchard 2016, Perley 2016, Schneider 2022"
081222,24.0,6.36604774535809,L,,Swift,1.5052553379716194,9.526425289531293,4.906594003065546,3.2596423206692235,2.77,,L,,,,,,,,,,,,,,,4073802778.041122,,,Perley 2016
081226A,0.4,,S,,Swift,1.5006524146296678,9.428658903933709,4.869452157187875,3.2448900956118893,,,,4.06,,,,,,,,,,,,,,,,,Fong 2022
090102A,29.3,11.503729878288183,L,,Swift,,,,,1.547,,L,,,,,,,,,,,,,,,,,,Li 2016
090113,9.1,3.309090909090909,L,,Swift,1.3833110113158753,7.17496661313655,3.98162005425124,2.87832600310448,1.75,,L,1.573,,0.888,17.9,4.8,10.1,Literature,2.305966697530707e-09,,,,,,,7762471166.286927,,,"Blanchard 2016, Schneider 2022"
090201A,84.78,27.348387096774193,L,,Swift,,,,,2.1,,L,,,,48.0,14.0,30.0,H alpha,,,,,,,,,,,Li 2016
090205A,8.8,1.5576048285749686,L,,Swift,,,,,4.6497,,L,,,,4.2,0.98,0.98,Lya,8.380101722869308e-11,,,0.2691534803926916,,,A/S,50118723362.72715,,,Li 2016
090305A,0.54,,S,,Swift,2.120849284006016,30.574543876678348,11.60405693201913,5.47141987859719,,,S,3.49,,0.24,,,,,,,,,,,,,,,"Fong 2022, Li 2016"
090313,79.0,18.057142857142857,L,,Swift,1.072753854308634,3.087449690545838,2.140671468433174,1.9954917522182092,3.375,,L,,,,14.2,,,UV,7.803480408778272e-10,,,0.0199526231496888,0.0099526231496887,0.0198580939056609,A/Fe,18197008586.099827,,,Perley 2016
090323A,135.17,29.492494327107696,L,,Fermi GBM,,,,,3.5832,,L,,,,24.0,17.0,53.0,[OII],1.5e-10,,,4.677351412871983,0.004,5.555578509935558,A/S,158489319246.11108,130305489933.46658,732761618887.6329,Li 2016
090328A,61.697,35.54588926657833,L,,Fermi,,,,,0.7357,,L,,,,4.8,,,[OII],2.76e-09,,,,,,,1737800828.7493763,,,Li 2016
090404,84.0,21.0,L,,Swift,0.8344877235048428,1.3614129923992515,1.1734913757537755,1.4062416290860698,3.0,,,4.709,,3.229,381.0,,,Literature,3.026390574299515e-09,,,,,,,125892541179.4166,,,"Blanchard 2016, Perley 2016, Schneider 2022"
090407,310.0,126.53061224489797,L,,Swift,1.2776446847456016,5.50414819311,3.275367539269782,2.5635981414676,1.45,,L,1.451,,3.463,14.06,4.87,4.87,Literature,9.1e-10,,,1.4454397707459274,0.373920465508321,0.5044048290121181,E,10471285480.508986,2342980318.8679905,3018343345.4075203,"Blanchard 2016, Schneider 2022"
090417B,266.94,198.46840148698885,L,,Swift,1.1379679760452186,3.7501630813342817,2.469676687791278,2.170251483151704,0.345,,L,,,,0.5,0.3,0.3,SED,1.4000000000000003e-10,,,,,,,3467368504.5253096,447416784.12330294,334525458.68028736,Li 2016
090418A,56.31,21.57471264367816,L,,Swift,1.5849299494152678,11.334698765536515,5.577378182354744,3.51900611406354,1.61,,L,0.812,,1.785,,,,Literature,,,,,,,,4073802778.041122,,,"Blanchard 2016, Li 2016, Schneider 2022"
090423,10.3,1.1159263271939328,L,,Swift,1.1421156907324903,3.795420733755705,2.4916675360842744,2.181624467908549,8.23,,L,,,,,,,,,,,,,,,,,,Blanchard 2016
090424,48.0,31.088082901554404,L,,Swift,1.3831524165764064,7.1724905562930585,3.980522132025903,2.877862254601365,0.544,,L,2.594,,0.235,0.56,0.24,0.24,Hab,2.3000000000000003e-10,,,0.5495408738576245,,,E,4168693834.7033463,850016300.1070092,1149300973.3162656,"Blanchard 2016, Perley 2016"
090426,1.2,0.3324099722991689,S,,Swift,,,,,2.61,,S,0.49,,0.24,14.4,2.0,2.0,Literature,2.2e-10,,,,,,,1000000000.0,683772233.983162,1884031503.1266117,Schneider 2022
090510,0.5,0.2627430373095113,S-EE,LC KN,Swift,1.915445880071,21.565017172868423,8.966021264745834,4.680905557307361,0.903,,SF,10.51,3.91,2.92,1.3489628825916535,1.1711349415877612,10.400012666803638,SED,1.2022644346174132e-10,1.0437751153713022e-10,1.001792010840224e-09,0.1096478196143185,0.007318520386243,0.0162447215650982,SED,6165950018.61481,2184878313.0798407,4305335461.894176,"Fong 2022, Jeong 2024, Kann 2011, Nugent 2022, Ukwatta 2009"
090515,0.036,0.0256593014967925,S,,Swift,1.506329397437416,9.549487392609102,4.915411264679889,3.2631715699381827,0.403,Elliptical,Q,76.19,0.54,0.16,1.096478196143185,0.0,0.5253319012157449,SED,1.0715193052376047e-11,0.0,2.4673743331879986e-12,0.6760829753919817,0.1974528830693434,0.2789096106294542,SED,85113803820.2376,51229388206.31739,52924622640.05107,"Fong 2022, Jeong 2024, Kann 2011, Nugent 2022"
090516A,208.0,40.712468193384225,L,,Swift,1.254642911159328,5.181076129496056,3.132781521535948,2.496950720935539,4.109,,L,,,,20.4,,,UV,3.9776829835064036e-10,,,0.0436515832240165,,,A/Si,51286138399.13659,,,"Li 2016, Perley 2016"
090519,64.0,13.195876288659797,L,,Swift,2.216767121011733,35.59999972227217,12.98584183847914,5.858009041812384,3.85,,L,,,,2.0,,,UV,7.261561095402034e-10,,,,,,,2754228703.3381634,,,Perley 2016
090529A,70.0,19.310344827586206,L,,Swift,1.0094621316954555,2.5289481382423005,1.848800776188732,1.8314711549244085,2.625,,L,,,,,,,,,,,,,,,,,,Li 2016
090530,48.0,21.18270079435128,L,,Swift,1.357062742954565,6.730234269249922,3.798307994511832,2.7989184834904868,1.266,,L,,,,,,,,,,,,,,,851138038.2023759,,,Perley 2016
090618,113.2,73.50649350649351,L,SN,Swift,1.3401401457104456,6.453866393610178,3.6827309150992655,2.748019247753337,0.54,,L,4.402,,0.292,,,,,,,,,,,,1096478196.1431828,,,"Blanchard 2016, Perley 2016, SNTABLE"
090709A,88.73,32.86296296296296,L,,Swift,1.7297365269573213,15.23807349901334,6.9382520461084844,4.011161201708077,1.7,,L,2.393,,0.305,8.0,4.1,4.1,SED,8.4e-10,,,,0.6,,,9549925860.214369,1606643512.9715471,5938240328.91049,"Blanchard 2016, Li 2016"
090715B,265.39,66.3475,L,,Swift,1.334842220762897,6.369420993421477,3.6471185894655975,2.7322469522886195,3.0,,L,,,,,,,,,,,,,,,15135612484.362072,,,"Li 2016, Perley 2016"
090726A,56.68,15.277628032345014,L,,Swift,,,,,2.71,,L,,,,,,,,,,,,,,,,,,Li 2016
090809A,7.84,2.097939523682098,L,,Swift,1.5710142651460344,11.002461966242098,5.456447086616963,3.473200217001057,2.737,,L,,,,,,,,,,,0.2691534803926916,0.0553572714424683,0.0696906757465109,A/Si,,,,Li 2016
090812,66.7,19.32213209733488,L,,Swift,1.7193728130776824,14.93000822186355,6.834552982187346,3.9750267831404615,2.452,,L,,,,,,,,,,,0.0229086765276777,,,A/Si,2238721138.568338,,,Perley 2016
090814A,78.22,46.12028301886792,L,,Swift,1.11586109178104,3.514957972677025,2.354886967992197,2.110376448589611,0.696,,L,,,,,,,,,,,,,,,1122018454.3019652,,,"Li 2016, Perley 2016"
090902B,19.328,6.849043231750531,L,,Fermi,,,,,1.822,,L,,,,,,,,,,,,,,,,,,Li 2016
090926B,99.28,44.26806973737013,L,,Swift,,,,,1.2427,,L,,,,26.0,11.0,19.0,H alpha,2.07e-09,,,0.4466835921509631,0.1446884201107615,0.1842737523292301,E,12589254117.941662,8608182412.406693,19033522483.74213,Li 2016
090927A,2.16,0.9113924050632912,L,,Swift,,,,,1.37,,L,,,,,,,,,,,,,,,,,,Li 2016
091018,4.4,2.2323693556570268,L,,Swift,0.8093009138615379,1.2332183010305462,1.0914150992625835,1.348589975087205,0.971,,,,,,1.29,0.32,3.46,H alpha,3.9000000000000005e-10,,,1.2302687708123816,0.4359405360881001,0.6318183658504859,E,4168693834.7033463,681043222.9305263,669760490.7090616,Perley 2016
091029,39.2,10.447761194029852,L,,Swift,1.0842764727876568,3.1976439607233407,2.196646157060693,2.0259096385381787,2.752,,,,,,,,,,,,,,,,,6456542290.346562,,,Perley 2016
091109B,0.3,0.0736015701668302,S,,Swift,2.4448939469825017,49.93786451216134,16.67899568484364,6.821971032906735,3.076,,S,4.22,,0.41,4.2,,,UV,2.3618335657994663e-09,,,,,,,1778279410.0389228,,,"Fong 2022, Li 2016"
091127,7.1,4.76510067114094,L,SN,Swift,0.9841468905247684,2.3272337441261977,1.7392419968676285,1.767258539972856,0.49,,,1.335,,0.296,0.37,0.07,0.1,H alpha,1.8499999999999998e-09,,,0.239883291901949,0.0885271670583282,0.1231947628681523,E,457088189.6148752,,,"Blanchard 2016, Perley 2016, SNTABLE"
091208B,14.9,7.221441380313091,L,,Swift,1.179831170384486,4.225713749163721,2.696435522375172,2.285441841222462,1.0633,,,,,,,,,,,,,,,,,190546071.79632443,,,"Li 2016, Perley 2016"
100117,0.3,0.1567398119122257,S-EE,,Fermi GBM,,,,,0.914,Elliptical,Q,1.35,0.314,0.32,2.9512092266663856,0.0,1.7261421862055952,SED,1.5848931924611107e-11,0.0,8.698157232239127e-12,0.3548133892335754,0.1309412753767415,0.2075279359567736,SED,21379620895.022324,7889992069.105763,6804208417.6221695,"Jeong 2024, Nugent 2022"
100206A,0.12,0.0852878464818763,S,,Swift,2.5898828931003908,60.9972105863336,19.33927017162288,7.467237311441338,0.407,,SF,25.28,,13.05,4.786300923226384,4.1256074752187875,402.5939768808862,SED,7.762471166286926e-11,6.690951861049318e-11,2.3910704478532077e-08,1.5135612484362082,0.0344528602680007,0.0352553704762732,SED,61659500186.148094,47205102478.68887,55830255307.80445,"Fong 2022, Jeong 2024, Li 2016, Nugent 2022"
100216A,0.208,0.2003853564547206,S,,,1.571556742227375,11.01487896883246,5.461098123589938,3.474960831417322,0.038,,SF,,,,7.762471166286917,7.423627010147714,12.19015198340188,SED,1.6982436524617458e-10,1.6223858949588276e-10,2.6669146699399176e-10,,,,SED,741310241.3009162,273575100.01371807,235926979.654891,Jeong 2024
100219A,18.8,3.3176275433673923,L,,Swift,,,,,4.6667,,,,,,5.1,,,UV,,,,0.1258925411794167,0.086081824124067,0.2722146293740805,A/O,,,,Li 2016
100316B,3.8,1.743119266055046,L,,Swift,0.8284766648549745,1.3299952673307114,1.15358632713515,1.392418611255739,1.18,,,,,,2.5,0.2,0.2,[OII],,,,0.5128613839913648,,,E/KK04,,,,Li 2016
100316D,521.88,492.71148036253777,L,SN,Swift,0.7796505232516808,1.0935541389747825,0.999378907550763,1.2818293296112508,0.0592,,,,,,1.7,,,H alpha,1.91e-09,,,0.4073802778041127,0.0837866208744844,0.1054811061872521,E/PP04,891250938.1337441,,,"Li 2016, SNTABLE"
100418A,7.0,4.31167231290422,L,SN,Swift,0.8733525557968502,1.577466072704344,1.3073434677080862,1.4969252211270636,0.6235,,,,,,4.2,0.8,1.0,H alpha,1.21e-09,,,0.6760829753919817,0.139051179021729,0.1750550628103947,E,3467368504.5253096,231431935.2290287,3139565975.5506277,"Li 2016, SNTABLE"
100424A,104.0,30.00923361034165,L,,Swift,1.1221993812843425,3.581376152515283,2.387480849221604,2.1275014841740183,2.4656,,,,,,21.0,8.0,20.0,H beta,,,,0.1737800828749375,0.0589647207252492,0.1352494603764215,E,,,,Li 2016
100425A,37.0,13.430127041742288,L,,Swift,0.7388223881486059,0.9201103850139007,0.8806226799561961,1.191927443025818,1.755,,,,,,,,,,,,,0.1096478196143185,0.0679608812672849,0.178755330698342,A/Fe,,,,Li 2016
100508A,52.0,34.20827577133083,L,,Swift,1.7191353391251256,14.923469755252215,6.832344758838283,3.9742913797091095,0.5201,,,,,,2.6,0.5,0.7,H alpha,,,,0.9772372209558108,0.2009901043271189,0.2530315498565709,E,,,,Li 2016
100513A,84.0,14.553014553014552,L,,Swift,1.3260499679061228,6.230172271968789,3.5882281120705737,2.705952414249144,4.772,,,,,,6.0,,,UV,,,,,,,,,,,Li 2016
100518A,,,L,,,,,,,4.0,,,,,,0.5,,,UV,,,,,,,,,,,Li 2016
100526A,102.0,,L,,Swift,1.119695786146641,3.554921280505196,2.3744884149308128,2.120654953165857,,,,1.645,,0.411,,,,,,,,,,,,,,,"Blanchard 2016, de Ugarte Postigo 2006"
100606A,480.0,187.90369935408103,L,,Swift,1.790029055236191,17.119059511874593,7.560665389208253,4.223766852885323,1.5545,,,,,,4.9,1.8,12.9,H alpha,,,,1.0471285480508996,0.4014743190162441,0.5746815493080304,E,,,,Li 2016
100615A,39.0,16.25,L,,Swift,1.0989044115103503,3.341874282824342,2.2690287815240247,2.0648099668700377,1.4,,,2.073,,2.694,8.6,4.4,13.9,Literature,2.1602223310982408e-08,,,0.5128613839913648,0.1326719876708036,0.1632215914006169,E,398107170.5534969,146918527.4025387,232850173.9266948,"Blanchard 2016, Li 2016, Perley 2016, Schneider 2022"
100621A,63.6,41.2290937378452,L,,Swift,1.074484392570411,3.103772654458573,2.149017538792128,2.0000453739967217,0.5426,,,0.284,,0.439,8.7,0.8,0.8,H alpha,9.11e-09,,,0.6760829753919817,0.139051179021729,0.1750550628103947,E,954992586.0214368,196415010.99225175,363264152.53497314,"Blanchard 2016, Li 2016, Perley 2016"
100625A,0.33,0.2272727272727273,S,,Swift,,,,,0.452,Elliptical,SF,2.63,,6.77,4.897788193684462,3.8262688884468554,84.22730561969009,SED,5.1286138399136583e-11,4.006595385611693e-11,9.259510825566743e-10,0.2951209226666385,0.0861913095812346,0.1619672669482365,SED,3981071705.53497,1350803713.639588,6490213774.974016,"Fong 2022, Jeong 2024, Li 2016, Nugent 2022, Fong 2013"
100724A,1.4,0.6116207951070337,L,,Swift,1.0546297769987318,2.919240963003701,2.054423608600469,1.9480045542113864,1.289,,,,,,3.2,1.4,5.1,H alpha,,,,0.3235936569296282,0.0665540786527418,0.0837866208744844,E/KK04,,,,Li 2016
100728B,12.1,3.895685769478429,L,,Swift,1.3723980959198518,6.987468033404429,3.9047210400192216,2.845181038670909,2.106,,,,,,14.5,8.0,60.6,H alpha,8.153949215260061e-09,,,,,,,1778279410.0389228,,,"Li 2016, Perley 2016"
100814A,174.5,71.53984913086258,L,,Swift,1.462379451923995,8.6451002226185,4.567725505173902,3.123488571426743,1.4392,,,,,,3.2,0.7,2.9,H alpha,9.66384550528646e-10,,,,,,,3311311214.8259077,,,"Li 2016, Perley 2016"
100816A,2.05,1.1357340720221605,S,,Swift,1.7838575356699762,16.919601092484292,7.495663327377596,4.201940557188271,0.805,,SF,,,,10.0,9.02276277904419,83.3254300796991,SED,4.2657951880159337e-10,3.9903723176821164e-10,3.938578803600072e-09,1.1481536214968828,0.389576046467699,0.5114332859406778,SED,23442288153.19918,5245279567.099354,39653446294.81999,"Jeong 2024, Li 2016"
101219B,34.0,21.90933402068499,L,SN,Swift,1.1753840850080977,4.17330293114025,2.671835704508407,2.2731596748564105,0.55185,,SF,5.48,,6.65,7.762471166286917,6.587573611347388,40.100538065976934,SED,2.344228815319918e-09,2.149244355344113e-09,2.2202860341530317e-08,1.4791083881682074,0.0987241235653226,0.069708230744274,SED,3311311214.8259077,2081042444.013527,5200069167.197851,"Li 2016, SNTABLE"
101224A,0.2,0.1375515818431912,S,,Swift,,,,,0.454,,SF,12.75,,13.51,1.023292992280754,0.6342478472864734,3.1454008424225997,SED,6.91830970918936e-10,3.4509412046640527e-10,3.198620479023868e-09,0.1584893192461113,0.043673957096423,0.1577384467707266,SED,1412537544.6227555,599707028.4586561,582724770.3461273,"Fong 2022, Jeong 2024, Li 2016, Nugent 2022"
110205A,257.0,79.81366459627328,L,,Swift,1.2553939520473565,5.191707718371949,3.1374740381295267,2.499194800972861,2.22,,,,,,,,,,,,,0.1513561248436208,,,A/S,5248074602.497734,,,"Li 2016, Perley 2016"
110402A,6.256,3.374325782092772,S-EE,,Swift,1.353817403494627,6.676518112005264,3.775897524559554,2.7890744459428416,0.854,,SF,,,,1.0471285480508996,0.852144088075095,19.845832760489497,SED,3.801893963205613e-10,2.86863966240862e-10,1.7816819189779266e-08,,,,SED,2754228703.3381634,2046282918.9540265,9268415642.835968,Jeong 2024
110709B,55.6,17.993527508090615,L,,Swift,1.5271792577468282,10.001380128804836,5.08569105967424,3.330120569590222,2.09,,,0.564,,2.737,1.1,,,UV,6.940530789282138e-10,,,,,,,1584893192.4611108,,,"Blanchard 2016, Li 2016, Perley 2016, Schneider 2022"
110731A,38.8,10.13054830287206,L,,Swift,1.803682238589563,17.56911835720587,7.706906366051033,4.272873680941523,2.83,,,1.423,,0.082,,,,,,,,,,,,,,,"Blanchard 2016, Li 2016"
110808A,48.0,20.434227330779052,L,,Swift,0.9296507673396736,1.932547046178931,1.51743453089729,1.6322629789675132,1.349,,,,,,8.3,3.6,11.3,H alpha,,,,0.1737800828749375,0.0714507836468621,0.1810333063586379,E,,,,Li 2016
110818A,103.0,23.618977733954,L,,Swift,,,,,3.3609,,,,,,44.0,26.0,62.0,H beta,,,,0.3630780547701013,0.1589042603031484,0.1739537416001513,E,,,,Li 2016
110918A,,,L,,,,,,,0.9843,,,,,,23.0,11.0,28.0,H alpha,4.8e-10,,,1.7378008287493754,0.3888379461577218,0.5009203098189641,E,47863009232.2638,14749897084.004726,21320087859.62983,Li 2016
111005A,27.0,26.64561334254416,L,No SN,Swift,0.56,,,,0.0133,Spiral,Low SF,,,,0.16,,,UV,3e-11,,,0.7413102413009192,0.0652272659089344,0.0715202748631803,Balmer emission,4786300923.22638,,,"Li 2016, Tanga 2018, MichalowskI 2018"
111008A,63.46,10.594677618618318,L,,Swift,1.1356649149251097,3.725116492415604,2.457594274928369,2.1640135594841654,4.9898,,,,,,9.9,,,UV,,,,0.0234422881531992,0.0060642798657054,0.0081804884484845,A/Fe,,,,Li 2016
111107A,26.6,6.832776778833805,L,,Swift,1.4305733161401937,8.03026688806427,4.3259351003662925,3.023917090833224,2.893,,,,,,,,,,,,,0.3548133892335754,,,A/S,,,,Li 2016
111117A,0.47,0.146371846776705,S,,Swift,2.794601530054414,79.50782394581849,23.53043383600611,8.419960263726024,2.211,,SF,10.52,,1.68,4.786300923226384,2.094766119299468,127.03937293241437,SED,7.413102413009162e-10,3.9457339084838504e-10,2.3247018948893935e-08,0.5623413251903491,0.4210875707280736,0.7259082265027847,SED,6309573444.801943,3219278012.2883506,21232713588.579803,"Fong 2022, Jeong 2024, Nugent 2022"
111123A,290.0,69.85763495772409,L,,Swift,1.2657851318336135,5.336054809105941,3.201474865416548,2.529240378087629,3.1513,,,,,,77.0,52.0,163.0,[OII],,,,0.2089296130854039,0.0992817934710854,0.1891775574680932,E,,,,Li 2016
111129A,7.6,3.654548951721485,L,,Swift,0.6939369143312476,0.7530607378955345,0.7604313846551654,1.0958220681890067,1.0796,,,,,,5.1,3.4,10.8,[OII],,,,,,,,,,,Li 2016
111209A,,,L,SN,,1.42481966204441,7.92191048111856,4.282919794080242,3.0059381605773683,0.677,,,,,,0.35,0.13,0.26,H alpha,,,,0.1819700858609983,0.0589432087797602,0.181107968909103,E,,,,"Li 2016, SNTABLE"
111211A,,,L,SN,,,,,,0.4786,,,,,,0.12,0.03,0.29,H alpha,,,,,,,,,,,"Li 2016, SNTABLE"
111215A,796.0,260.1307189542484,L,,Swift,1.3149821471591971,6.058428736759946,3.515198871319426,2.673191327284127,2.06,,,2.844,,0.763,34.0,13.0,33.0,Literature,1.0800000000000002e-09,,,,,,,31622776601.683792,11670153451.994965,8187940453.665901,"Blanchard 2016, Li 2016, Schneider 2022"
111228A,101.2,58.96061524120251,L,SN,Swift,0.858242471650623,1.490802767753396,1.25426751534253,1.461437247366992,0.7164,,,,,,0.32,0.22,0.56,H beta,,,,,,,,,,,"Li 2016, SNTABLE"
120118B,23.26,5.899360860302323,L,,Swift,0.9526866497973075,2.0930520390140344,1.6089405745242953,1.688845513754823,2.9428,,,,,,28.0,11.0,21.0,H beta,,,,0.1584893192461113,0.0513373887223507,0.1106641611465802,E,,,,Li 2016
120119A,253.8,92.96703296703298,L,,Swift,1.53971391393778,10.280162451297633,5.189911622258906,3.370698657249798,1.73,,,0.099,,0.146,25.5,14.1,14.1,Literature,2.155e-08,,,0.8128305161640993,0.2239868608085103,0.3091879381378642,E,3801893963.2056127,1047665259.8674492,1446180639.2921214,"Blanchard 2016, Li 2016, Perley 2016, Schneider 2022"
120305A,0.1,0.0816326530612244,S,,Swift,2.0109904766329727,25.473581582804943,10.140050479721337,5.042316508976688,0.225,,Q,18.09,,5.25,57.543993733715695,0.0,0.0,SED,9.120108393559116e-12,0.0,0.0,0.1047128548050899,0.0023835555770145,0.0074889906251063,SED,1905460717.9632444,356644099.0507648,848767985.3749189,"Fong 2022, Jeong 2024, Nugent 2022"
120327A,62.9,16.496197220036716,L,,Swift,1.397526609615818,7.424889568838467,4.083287850646826,2.921796137942109,2.813,,,,,,5.0,,,,5e-10,,,0.0309029543251359,0.006914625134941,0.0089077627302138,A/S,10000000000.0,,,Li 2016
120422A,5.35,4.1712147200997975,L,SN,Swift,1.0094390602979355,2.528656506238153,1.8485871201432,1.8313013562181653,0.2826,,,,,,1.38,0.12,0.13,H alpha,1.55e-09,,,0.5011872336272722,0.0938069558231595,0.1154077682342099,E,891250938.1337441,78420421.96964467,85986282.82206309,"Li 2016, SNTABLE"
120624B,,,L,,Swift,1.845269564085776,18.98672346417496,8.161311782304516,4.422829022462078,2.1974,,,,,,30.0,13.0,73.0,H alpha,7.5e-10,,,0.5495408738576245,0.254419951190986,0.3214227160984562,E,39810717055.34969,14691852740.253872,39622106417.07853,Li 2016
120630A,0.6,0.38860103626943,S,,Swift,1.95884561474209,23.28039540649989,9.487470754535192,4.843398930029691,0.544,,SF,,,,21.87761623949553,18.489174678103502,78.12238376050448,SED,3.235936569296281e-09,2.972909770106743e-09,2.1311152587554013e-08,,,,SED,6760829753.919819,4069294949.992905,10221606770.69764,Jeong 2024
120711A,,,L,,,,,,,1.405,,,0.137,,0.133,,,,,,,,,,,,,,,"Blanchard 2016, Li 2016"
120714B,159.0,113.6932427601001,L,SN,Swift,1.3856063523646671,7.21555753515924,3.9981563950088015,2.885492252677373,0.3985,,,,,,0.27,0.05,0.07,H alpha,,,,0.5011872336272722,0.1121420886329916,0.1444669954073832,E,,,,"Li 2016, SNTABLE"
120716A,,,L,,,,,,,2.486,,,,,,,,,,,,,0.0173780082874937,,,A/Fe,,,,Li 2016
120722A,42.4,21.64369576314446,L,,Swift,0.9938250430526872,2.402702711794844,1.7804921218817338,1.7915548962347307,0.959,,,,,,22.0,4.0,4.0,H alpha,,,,0.6165950018614822,0.126816182493036,0.1596521147672095,E,,,,Li 2016
120729A,71.5,39.72222222222222,L,SN,Swift,1.3080370545915767,5.951959288813607,3.46960465426079,2.6525278026960364,0.8,,,,,,6.0,4.0,25.0,SED,3.0070000000000004e-08,,,,,,,199526231.49688828,73633690.31747115,116701534.51994967,"Li 2016, SNTABLE"
120804A,0.81,0.3951219512195122,S,,Swift,1.5812114879681676,11.24501010828286,5.544851020859985,3.506710558993619,1.05,,Q,2.22,,1.23,1.7378008287493754,0.0,337.1063553104534,SED,1.9952623149688828e-11,0.0,2.3968376567045258e-08,0.8912509381337456,0.5750231721169077,0.4270058004226617,SED,28840315031.266117,25451873469.874084,23640430993.711224,"Fong 2022, Jeong 2024, Nugent 2022"
120805A,48.0,11.707317073170731,L,,Swift,1.7253215989749295,15.10601541081826,6.893980521414643,3.995765499899024,3.1,,,,,,39.0,8.3,9.5,UV,,,,,,,,,,,Li 2016
120815A,9.7,2.8880221514276356,L,,Swift,0.8121197960195213,1.247182774884656,1.1004749341698792,1.3550647817768828,2.3587,,,,,,2.3,1.0,2.7,H alpha,2.2999999999999998e-10,,,0.1174897554939529,0.0303933964983448,0.0409995637521584,A/Zn,10000000000.0,,,Li 2016
120909A,,,L,,,1.5489233821892288,10.488415855821753,5.267321924010914,3.400634262855628,3.93,,,,,,24.7,,,UV,,,,0.2187761623949552,0.0489517971487808,0.0630621307314901,A/S,,,,Li 2016
120922A,173.0,42.19512195121951,L,,Swift,1.0003680419327252,2.45499094040254,1.8088803947911245,1.80821489588606,3.1,,,,,,7.5,,,UV,,,,,,,,,,,Li 2016
121024A,69.0,20.90149036713922,L,,Swift,1.599852290169373,11.698230738709452,5.708867723704193,3.5683717545572957,2.3012,,,,,,37.0,4.0,4.0,H alpha,4.66e-09,,,0.5248074602497725,0.1267002896962753,0.1512755151422091,E,7943282347.242822,3962210641.707853,4645971770.69884,Li 2016
121027A,62.6,22.573200634645897,L,,Swift,1.1382037318618603,3.7524068198168026,2.470870229115539,2.1708505779309983,1.7732,,,,,,24.0,15.0,41.0,[OIII],,,,,,,,,,,Li 2016
121201A,85.0,19.39310974218572,L,,Swift,1.0970590389051296,3.3233809802150307,2.259799991906407,2.059870901899408,3.383,,,,,,30.0,21.0,68.0,[OII],,,,,,,,,,,Li 2016
121226A,1.0,0.4219409282700421,S,,Swift,1.41078232860154,7.663194594591779,4.179456564546387,2.9625098640761527,1.37,,SF,2.31,,9.15,54.954087385762456,34.536707939067156,114.870277860412,SED,3.801893963205613e-10,2.02361455316669e-10,2.931121818505346e-09,0.954992586021436,0.29429913801384,0.333256965671698,SED,141253754462.27554,93390745230.01176,44954959204.01102,"Fong 2022, Jeong 2024, Nugent 2022"
130131B,4.3,1.2149295058344871,L,,Swift,1.8050116734683204,17.610421923393783,7.720403363004912,4.277204118115312,2.5393,,,,,,8.0,5.0,13.4,[OIII],,,,,,,,,,,Li 2016
130408A,28.0,5.88606264452386,L,,Swift,1.800445212251875,17.46063661210761,7.671848584410471,4.261084165296562,3.757,,,,,,9.6,,,UV,,,,0.0575439937337156,0.013892410509699,0.0183137637692026,A/S,,,,Li 2016
130427B,27.0,7.142857142857143,L,,Swift,1.2945538369503666,5.750293973204247,3.382673023299914,2.613002971949483,2.78,,,4.013,,0.033,0.34,0.06,0.2,H alpha,3.4000000000000007e-10,,,0.7585775750291838,0.1962362498388347,0.2414224249708162,E,1000000000.0,369042655.51980567,584893192.4611108,Li 2016
130505A,88.0,26.91131498470948,L,,Swift,1.2234326663671928,4.765406736045788,2.9457779710110468,2.407797381900968,2.27,,,,,,,,,,,,,0.0380189396320561,,,A/Fe,,,,Li 2016
130515A,0.29,0.1611111111111111,S,,Swift,,,,,0.8,,SF,61.22,,13.77,2.9512092266663856,2.562164081672105,0.8506847365392258,SED,1.1748975549395304e-10,1.0200158930482823e-10,2.7054221580639767e-11,0.2041737944669529,0.0222037086059546,0.1048557487844061,SED,25118864315.09582,4225903006.555412,1796483724.173317,"Fong 2022, Jeong 2024, Nugent 2022"
130528A,59.4,26.4,L,,Swift,1.3642065103070369,6.849360570512106,3.8476028515417138,2.820396195496639,1.25,,,,,,6.8,,,[OII],,,,,,,,,,,Li 2016
130603B,0.18,0.1326650943396226,S,HC KN,Swift,2.262454401863462,38.19352866995739,13.67885668211112,6.046025356729657,0.3568,,SF,5.4,,0.2,4.570881896148751,3.59364467519294,21.731798022805062,SED,1.2302687708123811e-09,1.1451549669921435e-09,7.281111611211378e-09,0.3981071705534972,0.0669760490709061,0.6983710255896877,SED,3715352290.971728,831320787.8451161,9167143225.959597,"Fong 2022, Jeong 2024, Li 2016, Nugent 2022"
130606A,276.58,40.00867929986981,L,,Swift,1.396014925681141,7.398610072289653,4.072584524458998,2.9172929669587235,5.913,,,,,,,,,,,,,0.0501187233627272,0.0301661002130384,0.0757738178166895,A/S/Si,,,,Li 2016
130701A,4.38,2.032671245591238,L,,Swift,,,,,1.1548,,,,,,0.78,0.6,2.03,[OII],,,,,,,,,,,Li 2016
130702A,,,L,SN,,,,,,0.145,,,,,,0.05,,,H alpha,6.3e-10,,,0.2951209226666385,,,E/PP04/N2,79432823.47242822,63583891.547817074,318674347.0810687,"Li 2016, SNTABLE"
130716A,0.8,0.25,S-EE,,Fermi,1.605757626944385,11.84431402852906,5.7615579435645605,3.5880620131497034,2.2,,,33.08,,14.23,,,,,,,,,,,,,,,"Fong 2022, Cummings 2013"
130822A,0.04,0.0346620450606585,S,,,1.254931245989298,5.185371987128031,3.1347276771855945,2.497927824495596,0.154,,SF,60.09,,4.9,1.1481536214968828,1.0569525375612918,121.87872345974122,SED,1.0715193052376048e-10,9.864055014173672e-11,2.3881177259671093e-08,0.4073802778041127,0.0911525117872747,0.3005655065800252,SED,10715193052.376047,6824741602.433245,23169222561.544155,"Fong 2022, Jeong 2024, Nugent 2022"
130912A,0.28,,S,,Swift,1.7356812177129894,15.417006384907053,6.9982573743661485,4.031994644493165,,,,3.9,,1.06,,,,,,,,,,,,,,,Fong 2022
130925A,,,L,,,0.9637627879572866,2.1733519657621123,1.6540560324748783,1.7162480779950855,0.3483,,,0.765,,0.051,2.9,0.4,0.5,H alpha,9.199999999999999e-10,,,1.096478196143185,0.1844673567872753,0.2217785424132219,E,3162277660.1683793,1167015345.1994965,1849594676.1043353,"Blanchard 2016, Li 2016"
131004A,1.54,0.8969132207338381,S,,Swift,1.1445900860533162,3.822696732808255,2.504781596713963,2.188365622972282,0.717,,,0.8,,0.22,,,,,,,,,,,,,,,Fong 2022
131103A,17.3,10.839598997493734,L,,Swift,1.1540119466563823,3.927354566998406,2.5550549782847827,2.214062848905302,0.596,,,,,,4.4,0.9,1.2,H alpha,,,,0.6165950018614822,0.1488598605742839,0.1596521147672095,E,,,,Li 2016
131105A,112.3,41.81872346763983,L,,Swift,,,,,1.6854,,,,,,31.0,13.0,25.0,H alpha,,,,0.831763771102671,0.3069563108528984,0.3985049997097106,E,,,,Li 2016
131231A,,,L,,,,,,,0.6427,,,,,,1.38,0.2,0.28,H alpha,,,,0.5754399373371569,0.1389241050969909,0.1658703039637605,E,,,,Li 2016
140114A,139.7,34.925,L,,Swift,0.9530595114395154,2.095511010354108,1.6103489137027125,1.6896624968050706,3.0,,,,,,24.5,5.3,6.0,UV,,,,,,,,,,,Li 2016
140129B,1.36,0.9510489510489512,S,,Swift,0.8524130397291363,1.4582092241864326,1.234098348154969,1.447770377312761,0.43,,SF,1.76,,1.76,3.801893963205611,1.231498180436748,125.02306120610776,SED,2.2387211385683374e-10,1.167201833330733e-10,2.3764457076338018e-08,0.3235936569296282,0.0073658909127903,0.0152504992095742,SED,1174897554.9395304,923708911.7885722,866840389.7300012,"Fong 2022, Jeong 2024, Nugent 2022"
140213A,60.0,27.17514380180262,L,,Swift,1.1508002114302711,3.8917047812419496,2.5379318232186945,2.205362666786816,1.2079,,,,,,0.72,0.34,2.65,H alpha,,,,,,,,,,,Li 2016
140226A,,,L,,,,,,,1.98,,,,,,,,,,,,,0.2884031503126605,,,A/Fe,,,,Li 2016
140301A,31.0,12.833781825708964,L,,Swift,1.0257459073976778,2.6648319845140738,1.9212317950776607,1.8730094667906936,1.4155,,,,,,106.0,25.0,36.0,H alpha,,,,1.5848931924611136,0.2966436407679795,0.364951407296932,E,,,,Li 2016
140311A,71.4,11.991938192811556,L,,Swift,1.2337579926840865,4.90027131171177,3.006907513762544,2.437193948564341,4.954,,,,,,,,,,,,,0.0223872113856834,,,A/Ni,,,,Li 2016
140331A,209.0,104.5,L,,Swift,1.0271170053975818,2.676701858428619,1.9275241798088232,1.8766354462826824,1.0,,,,,,5.3,2.4,4.3,Literature,3.193565806194091e-11,,,,,,,165958690743.75632,53756845313.559784,47837518206.46692,Schneider 2022
140423A,134.0,31.455399061032864,L,,Swift,1.5854769098275847,11.347232402152423,5.582003406280513,3.520709366172691,3.26,,,,,,,,,,,,,0.0363078054770101,,,A/Fe,,,,Li 2016
140430A,173.6,66.72047350013452,L,,Swift,0.996139359836412,2.421251566495354,1.7905650248877747,1.79750454312118,1.6019,,,,,,8.5,3.8,7.1,H alpha,,,,0.954992586021436,0.3383975841599538,0.4904471847244914,E,,,,Li 2016
140506A,111.1,58.804848356534166,L,,Swift,1.3596275298643692,6.772670840024909,3.815837854678856,2.80653176760808,0.8893,,,,,,0.35,0.19,0.35,H alpha,3.5e-10,,,,,,,1000000000.0,,,Li 2016
140515A,23.4,3.1967213114754096,L,,Swift,1.1674811308686197,4.081219526124249,2.628330348385997,2.251282936307919,6.32,,,,,,,,,,,,,0.0794328234724281,,,A/O,,,,Li 2016
140518A,60.5,10.601016295777116,L,,Swift,1.0774820387476325,3.1322021436069427,2.1635646693260258,2.0079821208349395,4.707,,,,,,,,,,,,,0.087096358995608,,,A/S,,,,Li 2016
140606B,,,L,SN,,,,,,0.384,,,,,,0.052,0.005,0.005,H alpha,,,,,,,,,,,"Li 2016, SNTABLE"
140622A,0.13,0.0663603879530372,S,,Swift,0.4736308610616815,0.2262299116046795,0.3158056780731981,0.666775972674784,0.959,,SF,32.95,,11.25,48.97788193684461,27.10026569734909,53.351417291230746,SED,4.466835921509635e-09,2.516991321751585e-09,6.004449558999371e-09,0.3162277660168379,0.0142325939766363,0.0149033554657531,SED,11220184543.019651,2100076149.4605389,6976824043.080246,"Fong 2022, Jeong 2024, Nugent 2022"
140903A,0.3,0.2220577350111028,S,,Swift,,,,,0.351,,SF,0.9,,0.1,27.542287033381665,26.587294447360225,191.23387536157352,SED,1.5488166189124795e-09,1.5242695297556295e-09,2.243951257128237e-08,0.1023292992280754,0.0023292992280754,0.0048226312956852,SED,18197008586.099827,9685628204.076069,46368414317.3658,"Fong 2022, Jeong 2024, Nugent 2022"
140930B,0.84,0.3407707910750507,S,,Swift,,,,,1.465,,SF,9.62,,4.3,58.8843655355589,55.86441381515688,15.246658594532876,SED,2.4547089156850285e-08,2.4307205864948336e-08,0.0,0.8128305161640993,0.5244273658514387,0.4754190355290347,SED,2398832919.019495,493372201.05624294,11090795906.897066,"Fong 2022, Jeong 2024, Nugent 2022"
141212A,0.3,0.18796992481203,S,,Swift,1.315709484144381,6.069738247912196,3.520059516692572,2.67540787621646,0.596,,SF,18.75,,12.29,1.17,0.45,0.31,SED,2.29086765276777e-10,7.059744603066592e-11,1.2572662395679758e-10,0.1778279410038923,0.0519353998244755,0.1172929816627462,SED,5128613839.913659,959920005.2102956,1037336178.7011756,"Fong 2022, Jeong 2024, Nugent 2022"
150101B,0.018,0.0158730158730158,S,LC KN,Swift,,,,,0.134,,Q,7.36,,0.072,0.22,0.02,0.02,SED,1.659586907437563e-12,1.804785192693558e-13,2.0250022922531018e-13,0.7762471166286917,0.0349368753277742,0.0365833995354075,SED,134896288259.1656,6071333089.851852,6357466203.10994,"Fong 2022, Jeong 2024, Nugent 2022"
150120A,1.2,0.821917808219178,S,,Swift,1.140512104079806,3.7778976022867,2.4831335587669807,2.177209299124831,0.46,,SF,4.77,,6.44,2.28,0.91,0.68,SED,2.1877616239495518e-10,8.695048853931472e-11,1.4430189237514659e-10,0.3548133892335754,0.1036247460826174,0.2206265481035814,SED,10232929922.807535,2104624761.166542,2356324195.1341248,"Fong 2022, Jeong 2024, Nugent 2022"
150314A,14.79,5.358695652173913,L,,Swift,1.894392494768752,20.76586254769817,8.71946764115693,4.602777758693197,1.76,,,,,,,,,Literature,,,,,,,,10232929922.807535,4609516670.904046,18607385108.45846,Schneider 2022
150424A,0.5,0.3846153846153846,S-EE,LC KN,Swift,,,,,0.3,,,3.41,,0.32,,,,,,,,,,,,,,,"Fong 2022, Beardmore 2015"
150728A,0.83,0.568104038329911,S,,Swift,0.987438848799881,2.352718703633666,1.7531940551678014,1.7754963330626583,0.461,,SF,7.52,,20.29,8.13,0.66,0.6,SED,3.6307805477010173e-09,2.4233898630898327e-10,2.5967090224178733e-10,0.3235936569296282,0.0284727342629897,0.0312197323039472,SED,2238721138.568338,50959514.61878586,52146514.199431896,"Fong 2022, Jeong 2024, Nugent 2022"
150831A,0.92,0.4220183486238533,S,,Swift,2.442586278782194,49.77599451910201,16.638722957325076,6.811928447260697,1.18,,SF,12.43,,9.9,5.99,3.62,2.43,SED,1.9054607179632444e-09,1.0543226797608684e-09,1.9849907319795606e-09,0.3981071705534972,0.2321484798097411,0.5568854154679387,SED,3090295432.513592,952333343.0113596,1480586463.63516,"Fong 2022, Jeong 2024, Nugent 2022"
151229A,1.44,0.8834355828220859,S,,Swift,1.1146023781005527,3.5020291579039218,2.348496699868998,2.107026457157918,0.63,,SF,8.16,,6.05,0.22,1.78,0.22,SED,4.67735141287198e-10,4.6375406958166303e-10,2.4162963618394135e-09,0.3311311214825911,0.176249459591343,0.5006326496200799,SED,616595001.861481,478556575.4011928,763789262.7414,"Fong 2022, Jeong 2024, Nugent 2022"
160303A,5.0,2.4875621890547266,S,,Swift,1.9297445597279563,22.12126968805461,9.136080487823842,4.734347062552046,1.01,,SF,15.31,,0.9,2.37,2.3,1.76,SED,7.413102413009162e-10,5.791292315650236e-10,9.964905874484531e-10,0.4466835921509631,0.2647135062899648,0.5083089938704728,SED,3235936569.296281,997215430.727943,1230899352.213354,"Fong 2022, Jeong 2024, Nugent 2022"
160408A,0.32,0.1103448275862069,S,,Swift,,,,,1.9,,SF,14.13,,1.25,3.57,9.67,2.53,SED,1.584893192461111e-09,9.241997444535171e-10,3.312895001223345e-09,0.3467368504525316,0.1882475312064202,0.4850269206501393,SED,2089296130.8540409,1681915853.049929,7243246877.115884,"Fong 2022, Jeong 2024, Nugent 2022"
160411A,0.36,0.1978021978021978,S,,Swift,1.5049427082882587,9.520066156062708,4.904331712087513,3.258816222755592,0.82,,SF,1.4,,2.3,1.1,6.05,0.96,SED,1.479108388168207e-09,1.1479772666856164e-09,2.987727533341428e-09,0.3388441561392025,0.1909333173223817,0.5321194338168782,SED,758577575.0291852,470174424.716524,1696131340.6558485,"Fong 2022, Jeong 2024, Nugent 2022"
160509A,,,L,,,,,,,1.17,,,,,,,,,Literature,,,,,,,,6309573444.801943,2507679481.59633,5171962770.166899,Schneider 2022
160525B,0.29,0.1768292682926829,S,,Swift,1.0728771271331414,3.0883743134530124,2.1412630511866504,1.995813870045274,0.64,,SF,5.5,,7.38,1.37,23.16,0.85,SED,7.943282347242822e-09,5.75552072329327e-09,1.2949678961297586e-08,0.2691534803926916,0.0993291151465171,0.4894240946364923,SED,109647819.61431828,68909791.83390707,9890352180.38568,"Fong 2022, Jeong 2024, Nugent 2022"
160601A,0.12,,S,,Swift,2.0324969221742504,26.416795543804177,10.416218700292688,5.124838609423333,,,,1.38,,4.06,,,,,,,,,,,,,,,Fong 2022
160624A,0.2,0.134752728742757,S,,Swift,3.175848974486329,124.43707502829204,32.786868906678,10.32381236326927,0.4842,,SF,9.63,,6.24,1.28,1.09,0.44,SED,2.29086765276777e-10,9.104833881648891e-11,2.2800142433809814e-10,0.954992586021436,0.703803942870478,0.4253916785814488,SED,5495408738.576248,818057325.7042665,814164706.2256947,"Fong 2022, Jeong 2024, Nugent 2022"
160821B,0.48,0.4131164471985541,S,LC KN,Swift,,,,,0.1619,,SF,15.74,,0.03,0.24,0.01,0.01,SED,1.3803842646028866e-10,6.212752604647659e-12,6.505550614304146e-12,1.2589254117941673,0.1369069574922039,0.1536121328285871,SED,1737800828.7493763,0.0,0.0,"Fong 2022, Jeong 2024, Nugent 2022"
161001A,2.6,1.5568862275449102,S,,Swift,1.901078994214176,21.01696240675604,8.797315293797615,4.6275380037188025,0.67,,SF,18.54,,6.22,0.53,0.59,0.31,SED,9.549925860214368e-11,5.4761230821732296e-11,1.0867453586480947e-10,0.6456542290346555,0.3826274298451174,0.4763642252673078,SED,5370317963.702533,584017040.4761524,518118589.8533516,"Fong 2022, Jeong 2024, Nugent 2022"
161104A,0.1,0.0557724484104852,S,,Swift,1.8211672456191377,18.15432147429039,7.895688726415743,4.335509956819735,0.793,,Q,1.66,,16.6,0.06,0.04,0.02,SED,3.3113112148259077e-12,1.1733491253236752e-12,2.0590067488766248e-12,1.0471285480508996,0.1138742472539086,0.183140222761482,SED,16982436524.61746,1494270335.4926014,1638434842.0111942,"Fong 2022, Jeong 2024, Nugent 2022"
170127B,0.51,0.1554878048780487,S,,Swift,2.164960027023984,32.81407357879746,12.22643846413692,5.647419957653322,2.28,,SF,10.37,,13.6,10.25,32.99,8.19,SED,3.162277660168379e-09,2.0657994640251966e-09,7.070652262639156e-09,0.3235936569296282,0.1651043376835169,0.4177165843712892,SED,3235936569.296281,2423106053.132181,7728845392.135549,"Fong 2022, Jeong 2024, Nugent 2022"
170428A,0.2,0.1376462491397109,S,,Swift,,,,,0.453,,SF,7.72,,3.39,0.4,0.02,0.01,SED,8.317637711026709e-11,0.0,0.0,1.5488166189124817,0.0,0.0,SED,4786300923.22638,108949510.35439873,225571413.04633427,"Fong 2022, Jeong 2024, Nugent 2022"
170728B,0.8,0.352112676056338,S-EE,,Swift,1.0892815328502374,3.2464599007535826,2.2213653284292643,2.039294031375701,1.272,,SF,8.4,,2.55,10.95,5.22,4.14,SED,1.445439770745928e-09,5.94301732543552e-10,9.533931482735667e-10,1.0,0.3543457709653445,0.288249551693134,SED,7413102413.009162,1524665859.4532776,2136823447.2051687,"Fong 2022, Jeong 2024, Nugent 2022, Ukwatta 2017"
170817,2.64,2.6144049752918925,S,HC KN,Fermi GBM,1.6690140845070425,3.923664122137404,3.6197183098591545,2.1687763713080166,0.00979,Elliptical,Q,1.96,,,0.02,0.0,0.0,SED,4.570881896148751e-13,1.1035133916234277e-13,9.245268424274966e-14,0.7413102413009175,0.0333644569167795,0.0349368753277742,SED,40738027780.41122,1833513280.9831696,948910566.6222458,"Abbott 2017, Goldstein 2017, Levan 2017, Pan 2017, Jeong 2024, Nugent 2022"
180418A,2.29,0.89453125,S,,Swift,1.560629962604669,10.758953378129284,5.367103068731605,3.4390619155959223,1.56,,SF,1.3,,0.32,12.93,20.7,10.57,SED,1.737800828749376e-09,1.1623608914122195e-09,4.01659854462219e-09,0.3715352290971725,0.2055765383534165,0.4994283608589081,SED,6760829753.919819,5175936561.458708,10221606770.69764,"Fong 2022, Jeong 2024, Nugent 2022"
180618A,0.3,0.1973684210526315,S-EE,,Swift,,,,,0.52,,SF,9.7,,1.69,1.85,1.77,1.1,SED,2.884031503126611e-09,1.709133948187081e-09,5.05925084411621e-09,0.2630267991895382,0.1217730447272627,0.3124131381476188,SED,645654229.0346563,388614650.7577698,502499392.4622278,"Fong 2022, Jeong 2024, Nugent 2022, Sakamoto 2018a"
180727A,1.1,0.3728813559322034,S,,Swift,1.320686681307257,6.146529744543906,3.5527934167225643,2.69011073330875,1.95,,SF,2.56,,5.13,3.09,10.66,2.46,SED,1.737800828749376e-09,1.0771073807417795e-09,3.757607909826871e-09,0.3548133892335754,0.2102694121589827,0.5571974501223342,SED,1698243652.461746,1447055009.3107877,6064227513.825181,"Fong 2022, Nugent 2022"
180805B,0.1,0.0601974476282205,S-EE,,Swift,1.884994151382121,20.415029878676165,8.610532958264073,4.5679361667783605,0.6612,,SF,24.3,,7.49,1.51,0.36,0.26,SED,6.760829753919818e-10,1.2654210153435707e-10,1.7505506281039404e-10,0.5888436553555889,0.1814633775514761,0.2622943828467875,SED,2187761623.949552,192499308.9806693,211071295.06993297,"Fong 2022, Jeong 2024, Nugent 2022, Sakamoto 2018b"
181123B,0.26,0.0944081336238199,S,,Swift,,,,,1.754,,SF,5.08,,1.38,11.68,7.45,4.01,SED,1.445439770745928e-09,6.868621957167425e-10,2.1853407769550894e-09,0.3981071705534972,0.2031227105776926,0.4336566005491737,SED,7943282347.242822,2814668507.3291626,3538253867.72602,"Fong 2022, Jeong 2024, Nugent 2022"
191031D,0.29,0.098976109215017,S,,Swift,2.2795542771050945,39.20126457842785,13.944728282534264,6.117304783039992,1.93,,SF,13.08,,10.69,35.98,34.5,35.56,SED,1.148153621496884e-09,1.074022597366792e-09,1.942141811016708e-09,0.6456542290346555,0.3826274298451174,0.5846145417777261,SED,23988329190.194942,20677017975.369022,12319476286.815231,"Fong 2022, Jeong 2024, Nugent 2022"
200219A,0.5,0.3378378378378378,S-EE,,Swift,1.469975224267083,8.796502846629632,4.626580166674313,3.147386493524805,0.48,,SF,8.3,,5.28,9.91,1.86,1.26,SED,1.778279410038923e-10,2.991710218707158e-11,6.205535089805719e-11,1.5135612484362082,0.0344528602680007,0.0352553704762732,SED,54954087385.76248,7091078153.49868,3930278149.796356,"Fong 2022, Jeong 2024, Nugent 2022, Laha 2020"
200411A,0.22,0.1208791208791209,S,,Swift,,,,,0.82,,SF,37.66,,6.75,27.35,21.94,15.21,SED,1.698243652461746e-09,1.0956840663873867e-09,2.666914669939919e-09,0.6456542290346555,0.3572510787219949,0.4763642252673078,SED,16982436524.61746,8272800625.056629,9932911514.651678,"Fong 2022, Jeong 2024, Nugent 2022"
200522A,0.62,0.3990731204943357,S,LC KN,Swift,1.4622779384801592,8.642514034458971,4.566779106353373,3.123058199934223,0.5536,,SF,0.93,,0.19,2.23,0.06,0.05,SED,4.897788193684456e-10,1.1148727045807611e-11,1.140841425882584e-11,0.8511380382023764,0.0568098034780949,0.0608728011535333,SED,4570881896.148752,104045974.63911724,106469516.7232294,"Fong 2022, Jeong 2024, Nugent 2022"
200826A,1.14,0.6521739130434782,S,SN,Fermi,,,,,0.748,,Late type,2.09,0.6,0.6,4.01,3.59,41.87,SED,8.991031390134529e-10,,,0.087096358995608,0.0582560439643419,0.3202839188085047,SED,4460000000.0,1670000000.0,1670000000.0,"Ahumada 2021, SNTABLE"
200907B,0.83,0.532051282051282,S,,Swift,2.497180090138829,53.74400968711839,17.61002347230634,7.051963749769975,0.56,,SF,2.41,,7.78,1.34,31.2,1.31,SED,1.0715193052376047e-09,1.0413197880335847e-09,3.499362590911147e-09,0.3981071705534972,0.2359261608176042,0.5139036688024124,SED,2290867652.76777,1812237560.445132,8424325399.608279,"Fong 2022, Nugent 2022"
201221D,0.16,0.0778588807785888,S,,Swift,1.3417764010542714,6.48037089504742,3.693855815302333,2.7529592951552635,1.055,,SF,29.35,,24.09,2.36,0.29,0.26,SED,1.047128548050898e-09,1.1387424725390992e-10,1.2776900688863188e-10,0.3162277660168379,0.0142325939766363,0.0149033554657531,SED,2290867652.76777,152905563.26553726,163841262.9172535,"Fong 2022, Jeong 2024, Nugent 2022"
210323A,1.12,0.6462781304096942,S,,Swift,1.4584445533916357,8.566434907083151,4.537118377629279,3.110929631900053,0.733,,SF,5.89,,3.68,0.34,0.1,0.06,SED,5.623413251903491e-10,1.9080609609317632e-10,1.6209463488464002e-10,0.1548816618912481,0.0373919063972951,0.10814513729829,SED,588843655.3555884,152327823.11542368,482675649.8820164,"Fong 2022, Jeong 2024, Nugent 2022"
210510A,1.34,1.0974610974610974,S,,,,,,,0.221,,,,,,,,,SED,,,,,,,SED,,,,Jeong 2024
210726A,0.39,0.2846715328467153,S,,Swift,1.3988457827105851,7.448865187033517,4.092890647412325,2.9259055558514886,0.37,,SF,0.23,,0.78,0.06,0.27,0.05,SED,8.51138038202375e-10,6.88957028466483e-10,2.100071188464002e-09,0.3311311214825911,0.1797749966389703,0.5398324684734896,SED,69183097.09189363,47305480.85239811,165239784.44009817,"Fong 2022, Jeong 2024, Nugent 2022"
210919A,0.16,0.1288763592428513,S,,Swift,1.3412201300985311,6.470977121659428,3.689945636445399,2.751185695501245,0.2415,,SF,51.05,,1.92,0.3,0.03,0.03,SED,4.073802778041122e-11,3.5845048706939424e-12,3.930331434684947e-12,0.3235936569296282,0.0351905066169677,0.0654514880646523,SED,7413102413.009162,494792703.8197994,530179934.2336273,"Fong 2022, Jeong 2024, Nugent 2022"
211023B,1.3,0.6981740064446831,S,,Swift,1.0046160665016826,2.489143708805002,1.8273430027037776,1.8189466241238117,0.862,,SF,3.84,,2.57,1.45,1.53,0.62,SED,3.54813389233576e-10,1.7698544822968374e-10,3.3701758168536025e-10,0.6456542290346555,0.4594455153683687,0.529243325904874,SED,4466835921.509635,1648452990.2451744,2140098558.566329,"Fong 2022, Jeong 2024, Nugent 2022"
211106A,1.75,,S,,Swift,,,,,,,,0.79,,0.29,,,,,,,,,,,,,,,Fong 2022
211211A,51.37,47.72832853293691,L,HC KN,Swift,1.399393779761125,7.45761469400789,4.09656498181753,2.927385444372069,0.0763,Elliptical,SF,7.92,0.04,0.029,0.07,0.01,0.01,SED,1.0471285480508984e-10,2.3429803188679897e-11,1.8314022276148268e-11,0.2041737944669529,0.0753488392976395,0.047014848684005,SED,691830970.9189363,75235969.0574553,179132619.03714335,"Fong 2022, Jeong 2024, Nugent 2022, Troja 2022, Rastinejad 2022, Yang 2022"
211227A,84.0,68.40390879478828,L,No SN,Swift,1.3653994355709111,6.868626660248989,3.855669435585516,2.823839921959067,0.228,,SF,20.47,14.47,14.47,,,,,,,,,,,SED,,,,"Jeong 2024, Lü 2022"
221120A,0.64,0.5925925925925926,S,,Swift,2.2249994443717966,36.05786120209552,13.10901115236256,5.891691876832688,0.08,,,,,,,,,SED,,,,,,,SED,,,,Jeong 2024
230307A,35.0,32.87619763291377,L,HC KN,Fermi,,,,,0.0646,Spiral,Q,38.9,,,0.547,0.3,0.3,H alpha,2.3080168776371308e-10,,,0.3235936569296281,0.14414148435757,0.14414148435757,NII,2370000000.0,350000000.0,240000000.0,Levan 2024
970228,56.0,33.038348082595874,L,SN,STIS,,,,,0.695,Spiral,L,3.266,,0.259,1.95,,0.22,[OII],1.19e-09,,,0.6025595860743593,0.2558227356218269,0.2485784521280201,log(O/H),398107170.5534969,48576421.59746659,54503641.476310015,"Bloom 2002, Conselice 2005, Leibler 2010, Mannucci 2011, Wainwright 2005, SNTABLE"
970508,23.104,12.590735694822888,L,,BATSE,,,,,0.835,Elliptical,L,0.091,,0.09,1.14,,,[OII],3.44e-09,,,,,,,316227766.01683795,68104322.29305264,85738261.98774385,"Bloom 2002, Conselice 2005, Leibler 2010"
970828,146.59,74.86721144024516,L,,WFPC2,,,,,0.958,Interacting,L,4.047,,4.326,0.87,,,[OII],5.6e-10,,,,,,,1548816618.9124796,872733643.5204978,1999317273.4232664,"Bloom 2002, Conselice 2005, Wainwright 2005"
971214,31.232,7.069262109551833,L,,BATSE,,,,,3.418,Irregular,L,1.105,,0.557,11.4,,,UV,2.93e-09,,,,,,,3890451449.942805,2341634831.030325,5881920759.615307,"Bloom 2002, Conselice 2005, Wainwright 2005"
980326,312.0,156.0,L,SN,BeppoSAX,,,,,1.0,,L,,,,,,,,,,,,,,,,,,"Bloom 2002, SNTABLE"
980329,19.0,4.222222222222222,L,,STIS,,,,,3.5,Interacting,L,,,,5.1,,,UV,,,,,,,,,,,"Bloom 2002, Conselice 2005, Wainwright 2005"
980425,34.88,34.56888007928643,L,SN,BATSE,,,,,0.009,,L,2.337,,0.01,0.57,,0.05,O[II],1.3000000000000002e-10,,,0.5128613839913658,0.1054811061872519,0.1327928450432904,log(O/H),1659586907.4375632,1158399673.8102896,3835821831.138685,"Bloom 2002, Levesque 2010, Mannucci 2011, SNTABLE"
980519,23.808,,L,,BATSE,,,,,,Irregular,L,,,,,,,,,,,,,,,,,,"Conselice 2005, Wainwright 2005"
980613,,,L,,STIS,,,,,1.097,Interacting,L,0.782,,0.666,4.7,,,[OII],1.5210000000000002e-08,,,,,,,1258925411.794166,118483471.4550348,192157690.37591428,"Bloom 2002, Conselice 2005, Leibler 2010, Wainwright 2005"
980703,,,L,,STIS,,,,,0.966,Irregular,L,0.959,,0.536,4.2,,0.17,H beta,3.29e-09,,,0.7943282347242822,0.3962210641707852,0.0969227034094655,log(O/H),6760829753.919819,1748957417.6471045,2359278639.6392956,"Bloom 2002, Conselice 2005, Levesque 2010, Mannucci 2011, Wainwright 2005"
981226,20.0,9.478672985781987,L,,BATSE,,,,,1.11,Interacting,L,,,,,,,,,,,,0.06,,,,,,"Frontera 2000, Conselice 2005, Wainwright 2005"
990123,61.0,23.46153846153846,L,,STIS,,,,,1.6,Interacting,L,6.105,,0.027,5.72,,,UV,2.17e-09,,,,,,,2511886431.509582,1779129953.6930056,5498037169.745613,"Bloom 2002, Conselice 2005, Leibler 2010, Wainwright 2005"
990308,,,L,,BATSE,,,,,,Irregular,L,,,,,,,,,,,,,,,,,,Wainwright 2005
990506,129.0,55.916775032509754,L,,STIS,,,,,1.307,Elliptical,L,2.68,,4.144,2.5,,,[OII],8.3e-10,,,,,,,3019951720.402019,1024689405.4331362,1550930175.7467332,"Bloom 2002, Conselice 2005, Wainwright 2005"
990510,57.0,21.764032073310425,L,,STIS,,,,,1.619,Irregular,L,0.6,,0.084,,,,,,,,,,,,,,,"Bloom 2002, Conselice 2005, Wainwright 2005"
990705,32.0,17.37242128121607,L,,STIS,,,,,0.842,Interacting,L,7.165,,0.38,6.96,,,[OII],4.4e-10,,,,,,,15848931924.611109,13094703221.272943,75352152010.97966,"Bloom 2002, Conselice 2005, Wainwright 2005"
990712,38.0,26.499302649930264,L,SN,STIS,,,,,0.434,Interacting,L,0.301,,0.486,10.7,,0.05,O[II],1.23e-09,,,0.5128613839913658,0.1054811061872519,0.1327928450432904,log(O/H),1412537544.6227555,124287992.92961788,136279074.2897241,"Bloom 2002, Conselice 2005, Levesque 2010, Mannucci 2011, Wainwright 2005, SNTABLE"
991208,60.0,35.16998827667057,L,SN,STIS,,,,,0.706,Elliptical,L,1.513,,0.75,3.47,,,O[II],5.793e-08,,,0.2137962089502232,0.0439718437040486,0.0553572714424681,log(O/H),707945784.3841373,229315692.06149924,339182763.6667613,"Bloom 2002, Conselice 2005, Levesque 2010, SNTABLE"
991216,15.168,7.5089108910891085,L,,BATSE,,,,,1.02,Interacting,L,3.107,,0.28,,,,,,,,,,,,,,,"Bloom 2002, Conselice 2005, Wainwright 2005"
